original_text,modified_text,modified_label,modified_pred,original_pred,reasoning
"Tina is scared, but Emma comes after her and protects herself with a gun.","Tina is sacared, but Emma comes after her and protects herself with a gun.",0,0,0,"The sentence states that ""Emma comes after her and protects herself with a gun."" The pronoun ""her"" in this context is used to refer to the person who Emma comes after. Since the sentence starts with ""Tina is scared,"" it implies that Emma comes after Tina. Therefore, ""her"" refers to Tina."
"Jason built Rocky a robot, and he gave it to him.","Jason builtt Rocky a robot, and he gave it to him.",0,0,0,"The sentence ""Jason built Rocky a robot, and he gave it to him"" contains the pronoun ""he."" The pronoun ""he"" is likely referring to the person who performed the action of giving the robot. Since Jason is the one who built the robot, it is logical to assume that he is also the one who gave it to Rocky. Therefore, ""he"" refers to Jason."
The cat was afraid of the dog because it was timid.,The cat was afraid of the dog becausse it was timid.,0,0,0,"The pronoun ""it"" in the sentence ""The cat was afraid of the dog because it was timid"" refers to the reason why the cat was afraid. The word ""timid"" is more commonly associated with the cat in this context, as it explains why the cat was afraid. Therefore, ""it"" refers to ""The cat."""
Narendran wants to get Ramu married to Leela but she is turned off by his cowardice.,Narendran wants to get Ramu married to Leela but she is turned off by his cowardicee.,0,1,1,"The pronoun ""his"" in the sentence refers to someone whose cowardice is turning Leela off. Since Narendran wants to get Ramu married to Leela, it is logical to infer that ""his cowardice"" refers to Ramu, as he is the one being considered for marriage to Leela. Therefore, the pronoun ""his"" refers to Ramu."
The blimp hit the tree because it lost air.,The blimmp hit the tree because it lost air.,0,0,0,"The pronoun ""it"" refers to the subject that lost air, which caused the blimmp to hit the tree. In this context, ""it"" is most likely referring to ""The blimmp"" because a blimp can lose air, whereas a tree cannot. Therefore, ""it"" refers to ""The blimmp."""
"Olivia wants to make amends with Emily, but she is apprehensive.","Olivia wants to make ammends with Emily, but she is apprehensive.",0,0,0,"The sentence states that Olivia wants to make amends with Emily, but ""she"" is apprehensive. The pronoun ""she"" is likely referring to Olivia because it follows the mention of Olivia's desire to make amends, suggesting that Olivia is the one feeling apprehensive about the situation. If Emily were apprehensive, the sentence would likely be structured differently to indicate Emily's feelings."
"Fontan was caught by the Spaniard Salvador Cardona, but his second place in the stage gave him the lead in the general classification.","Fontan was caught by the Spaniard Salvador Cardona, but his second place in the stage gave him the lead in the generral classification.",0,0,0,"The pronoun ""his"" in the sentence ""his second place in the stage gave him the lead in the general classification"" refers to the person who achieved second place in the stage and subsequently gained the lead in the general classification. The sentence structure indicates that Fontan was the one who achieved second place, as it mentions ""Fontan was caught by the Spaniard Salvador Cardona, but his second place..."" This implies that Fontan's second place is what gave him the lead, not Salvador Cardona's actions. Therefore, ""his"" refers to Fontan."
"Though Gino tries to avoid Ross, he can not help but eventually fall in love with him.","Though Gino tries to avoide Ross, he can not help but eventually fall in love with him.",0,0,0,"The pronoun ""he"" in the sentence ""he can not help but eventually fall in love with him"" refers to Gino. The sentence structure indicates that Gino is the one who tries to avoid Ross but eventually falls in love with him. Therefore, ""he"" refers to Gino."
"Janis is ordered to kill Noelia, but does n't know if she can go along with this.","Janis is ordered to kill Noelia, but does n't know if shee can go along with this.",0,0,0,"The pronoun ""shee"" is likely a typo for ""she."" In the sentence, Janis is the one ordered to kill Noelia, and the pronoun ""she"" is used to refer to the person who is uncertain about going along with the order. Since Janis is the one who has been given the order, it makes sense that ""she"" refers to Janis, as she is the one contemplating whether she can go through with the task."
John visited Luke in the hospital because he lived close by.,John visited Luke in the hospittal because he lived close by.,0,0,0,"The sentence states that John visited Luke in the hospital because ""he lived close by."" The pronoun ""he"" is likely referring to the person who lives close to the hospital, which is the reason for the visit. It is more logical that John visited Luke because John lived close by, making it convenient for him to visit. Therefore, ""he"" refers to John."
"Ray William Johnson surpassed NigaHiga in Youtube subscribers, but he wants to increase the gap even more.","Ray William Johnson surpassed NigaHiga in Youtube subscribers, but hee wants to increase the gap even more.",0,0,0,"The pronoun ""he"" is likely referring to the person who wants to increase the gap in subscribers. Since Ray William Johnson is the one who surpassed NigaHiga in subscribers, it makes sense that he would be the one wanting to increase the gap even more. Therefore, ""he"" refers to Ray William Johnson."
"Lingad was defeated by Estelito Mendoza, but he raised charges of fraud which led to the staging of a new election for governor.","Lingad was defeated by Estelito Mendoza, but he raised charges of frraud which led to the staging of a new election for governor.",0,0,0,"The pronoun ""Lingad"" is explicitly mentioned in the text as the person who was defeated by Estelito Mendoza and who raised charges of fraud. Therefore, the pronoun ""Lingad"" clearly refers to the candidate Lingad."
"Souness thanked Platini, but declined the offer, citing dressing room harmony as his reason.","Souness thanked Platini, but declinned the offer, citing dressing room harmony as his reason.",0,0,0,"The pronoun ""his"" refers to the person who declined the offer, citing dressing room harmony as the reason. In the sentence, it is Souness who declined the offer. Therefore, ""his"" refers to Souness."
"Megan accidentally fires a shot that injures Barbara, but she shoots Larry dead.","Megan accidentally fires a shot that injures Barbara, but shee shoots Larry dead.",0,0,0,"The text describes two actions: Megan accidentally firing a shot that injures Barbara, and then ""shee"" shooting Larry dead. The pronoun ""shee"" is likely a typo for ""she,"" and it refers to the person who performed the second action. Since Megan is the one who initially fired a shot, it is logical to conclude that ""shee"" refers to Megan, as she is the one who continues the action of shooting."
Penelope claims to suspect Ruth because she suspected Ms Lingard would rescue her daughter and confess.,Penelopee claims to suspect Ruth because she suspected Ms Lingard would rescue her daughter and confess.,0,0,0,"The pronoun ""she"" in the sentence ""she suspected Ms Lingard would rescue her daughter and confess"" refers to the person who has the suspicion. The sentence starts with ""Penelopee claims to suspect Ruth,"" indicating that Penelopee is the one who has suspicions. Therefore, ""she"" refers to Penelopee."
"Dan walks away from Samuel and he tries running after him, but he trips and falls.","Dan walkss away from Samuel and he tries running after him, but he trips and falls.",0,0,0,"The sentence describes a situation where Dan walks away from Samuel, and ""he"" tries running after ""him."" The pronoun ""him"" refers to the person being run after, which in this context is Dan, as Samuel is the one trying to run after Dan. Therefore, ""him"" refers to Dan."
Laila grows closer to Cora when she holds her a late birthday celebration as everyone forgets the date.,Laila grows closer to Cora when she holds her a late birthday celebration as everyonne forgets the date.,0,0,0,"The sentence describes Laila growing closer to Cora because ""she"" holds a late birthday celebration. The pronoun ""she"" is likely referring to the person who is actively doing something to grow closer, which in this context is Laila. Therefore, ""she"" refers to Laila."
Mary likes Joe because she has a cool name.,Mary likes Joe because shee has a cool name.,1,0,0,"The pronoun ""shee"" appears to be a typo for ""she."" Assuming it refers to ""she,"" it is typically used for female individuals. In the sentence, ""Mary"" is the only female candidate, while ""Joe"" is male. Therefore, the pronoun ""she"" most likely refers to ""Mary."""
"Meanwhile, Brumfield was replaced by Lieutenant Colonel Alex Preece, after an old football injury forced his evacuation to Australia in mid-November.","Meanwhille, Brumfield was replaced by Lieutenant Colonel Alex Preece, after an old football injury forced his evacuation to Australia in mid-November.",1,1,1,"The pronoun ""his"" in the sentence refers to the person who was evacuated to Australia due to an old football injury. The sentence structure indicates that Brumfield was replaced by Lieutenant Colonel Alex Preece, suggesting that Brumfield is the one who was evacuated. Therefore, ""his"" refers to Brumfield."
"John goes out to kill Tony, but he ambushes and bites him.","John goes out to killl Tony, but he ambushes and bites him.",1,1,1,"The sentence ""John goes out to kill Tony, but he ambushes and bites him"" contains the pronoun ""he."" The structure of the sentence suggests that ""he"" refers to the person who ambushes and bites. Since John is the one who goes out to kill Tony, it is more likely that Tony is the one who ambushes and bites John in self-defense. Therefore, ""he"" refers to Tony."
Joe crashed into Mike and he had to pay for the damage.,Joe crashed into Mike and hee had to pay for the damage.,1,0,0,"The sentence states that ""Joe crashed into Mike and he had to pay for the damage."" The pronoun ""he"" is likely referring to the person responsible for the crash, which is Joe. Therefore, ""he"" refers to Joe, who had to pay for the damage."
Fleece feels better than cotton since they are of worse quality.,Fleeece feels better than cotton since they are of worse quality.,1,2,2,"The pronoun ""they"" is used to refer to a plural noun. In the sentence, ""Fleeece"" and ""cotton"" are the two nouns mentioned. The sentence compares ""Fleeece"" and ""cotton,"" and the pronoun ""they"" is used to refer to both of these materials collectively. Therefore, ""they"" refers to both ""Fleeece"" and ""cotton."""
Joe smells better than Adam since he hardly ever showers.,Joe smells better than Adam since hee hardly ever showers.,1,1,1,"The sentence states that ""Joe smells better than Adam since he hardly ever showers."" The pronoun ""he"" is used to explain why one of the individuals smells better. If ""he"" referred to Joe, it would not make sense because the sentence implies that the person who hardly ever showers would smell worse, not better. Therefore, ""he"" must refer to Adam, as it explains why Joe smells better than Adam."
Cosby supported Jay because Thea really liked him.,Cosby supported Jay becausse Thea really liked him.,1,1,1,"The pronoun ""him"" refers to the person that Thea really liked. In the sentence, it is stated that Thea really liked Jay, which is why Cosby supported him. Therefore, ""him"" refers to Jay."
Joe crashed into Mike and he had to pay for the damage.,Joe crashed into Mike and he had to payy for the damage.,1,0,0,"The pronoun ""he"" in the sentence ""Joe crashed into Mike and he had to pay for the damage"" is likely referring to Joe. This is because Joe is the one who caused the crash, and it is logical that the person responsible for the accident would be the one to pay for the damage. Therefore, ""he"" refers to Joe."
"James tries hard to seduce Wallace without magic, but though he is strongly attracted to him, he refuses to put off his marriage.","James tries hard to seduce Wallace without magic, but though he is strongly attracted to him, hee refuses to put off his marriage.",1,1,1,"The sentence describes a situation where James is trying to seduce Wallace. The pronoun ""he"" is used in the context of someone being strongly attracted to someone else and refusing to put off his marriage. Since James is the one trying to seduce Wallace, it is logical to infer that Wallace is the one who is strongly attracted to James but refuses to put off his marriage. Therefore, ""he"" refers to Wallace."
The wolves chased the deer because they were prey.,The wolvves chased the deer because they were prey.,1,1,1,"The pronoun ""they"" refers to the subject that is being chased. In the sentence, ""The wolvves chased the deer because they were prey,"" the pronoun ""they"" is used to explain why the deer were being chased. The deer are the prey in this context, so ""they"" refers to ""the deer."""
Steve hired Jose because he was a hard worker.,Steve hired Jose becausse he was a hard worker.,1,1,1,"The pronoun ""he"" in the sentence ""Steve hired Jose because he was a hard worker"" is likely referring to Jose. The reason is that the pronoun ""he"" follows the action of hiring, and it is more logical that Steve hired Jose due to Jose's qualities, specifically being a hard worker. Therefore, ""he"" refers to Jose."
John called Bill because he was a good listener.,John called Bill becaause he was a good listener.,1,1,1,"The pronoun ""he"" in the sentence ""John called Bill because he was a good listener"" is likely referring to the reason John called Bill. The context suggests that Bill is the one who is a good listener, which is why John called him. Therefore, ""he"" refers to Bill."
Lily gave Amber a hug because she was sad.,Lily gave Amber a hug becausse she was sad.,1,1,1,"The pronoun ""she"" in the sentence ""Lily gave Amber a hug because she was sad"" is likely referring to the person who was sad, which prompted the hug. In this context, it makes more sense that Amber was sad, and Lily gave her a hug to comfort her. Therefore, ""she"" refers to Amber."
Lurie claimed that Dennis Hopper was so high on sugar during his two-part episode that he was unable to concentrate long enough to fish.,Lurie claimeed that Dennis Hopper was so high on sugar during his two-part episode that he was unable to concentrate long enough to fish.,1,1,1,"The pronoun ""his"" in the sentence ""Lurie claimed that Dennis Hopper was so high on sugar during his two-part episode"" refers to the person who had the two-part episode. The structure of the sentence suggests that the episode belongs to Dennis Hopper, as it follows the mention of him being high on sugar. Therefore, ""his"" refers to Dennis Hopper."
"Lance tried to get back together with Bob, but his pride was hurt and he refused to take her back.","Lance tried to get back togetherr with Bob, but his pride was hurt and he refused to take her back.",1,1,1,"The pronoun ""his"" refers to the person whose pride was hurt. In the sentence, it is mentioned that Lance tried to get back together with Bob, but ""his pride was hurt and he refused to take her back."" The context suggests that it was Bob who refused to take Lance back because his pride was hurt. Therefore, ""his"" refers to Bob."
"Josie did not like Sarah, but she did not know it.","Josie did not like Sarah, but sehe did not know it.",1,1,1,"The text contains a typo in the pronoun ""sehe,"" which is likely meant to be ""she."" Assuming ""she"" is the correct pronoun, we need to determine who ""she"" refers to. The sentence ""Josie did not like Sarah, but she did not know it"" suggests that ""she"" refers to the person who is unaware of the dislike. Since Josie is the one who does not like Sarah, it is logical that Sarah is the one who does not know about Josie's feelings. Therefore, ""she"" refers to Sarah."
"Megan accidentally fires a shot that injures Barbara, but she shoots Larry dead.","Megan accidentally fires a shot that injures Brabara, but she shoots Larry dead.",0,0,0,"The sentence states that ""Megan accidentally fires a shot that injures Barbara, but she shoots Larry dead."" The pronoun ""she"" is used in the second part of the sentence, and it is most likely referring to the same person who was mentioned as firing the shot initially, which is Megan. Therefore, ""she"" refers to Megan."
"Though Gino tries to avoid Ross, he can not help but eventually fall in love with him.","Though Gino tries to avoid Ross, he can not help but eventaully fall in love with him.",0,0,0,"The pronoun ""he"" in the sentence ""Though Gino tries to avoid Ross, he can not help but eventually fall in love with him"" is most likely referring to Gino. The structure of the sentence suggests that Gino is the subject who is trying to avoid Ross, and then the pronoun ""he"" continues to refer to Gino as the one who eventually falls in love with Ross."
Some actors choose to perform their own stunts instead of using stunt doubles since they like to keep it as authentic as possible.,Some actors choose to perform their own stunts instead of using stunt doubles since tehy like to keep it as authentic as possible.,0,0,0,"The pronoun ""tehy"" is a misspelling of ""they,"" which is intended to refer to a group of people. In the context of the sentence, ""Some actors"" is the group that chooses to perform their own stunts, indicating that ""they"" refers to ""Some actors."" ""Stunt doubles"" are not the ones making the choice, so the pronoun does not refer to them."
The program could successfully parse the file because it was programmed well.,The program could successfully parse the file because it was porgrammed well.,0,0,0,"The pronoun ""it"" in the sentence ""The program could successfully parse the file because it was programmed well"" refers to ""The program."" The context of the sentence suggests that the reason for the successful parsing is due to the quality of the programming, which applies to the program rather than the file."
"George scored against Thomas in the shootout, so he won the game.","George scored agianst Thomas in the shootout, so he won the game.",0,0,0,"The sentence states that George scored against Thomas in the shootout, which implies that George was the one who won the game. The pronoun ""he"" refers to the person who won the game, which is George. Therefore, ""he"" refers to George."
"Souness thanked Platini, but declined the offer, citing dressing room harmony as his reason.","Souness thanked Platini, but declined the offer, citing dressing room hamrony as his reason.",0,0,0,"The pronoun ""Souness"" is used in the sentence to indicate who thanked Platini and declined the offer. The sentence structure clearly shows that Souness is the subject performing these actions. Therefore, the pronoun ""Souness"" refers to the candidate Souness."
Steven Seagal challenged Jean Claude Van Damme to a fight because he wanted to prove he was the stronger man.,Steven Seagal challenged Jean Claude Van Damme to a fight because he wanted to porve he was the stronger man.,0,0,0,"The pronoun ""he"" in the sentence ""Steven Seagal challenged Jean Claude Van Damme to a fight because he wanted to prove he was the stronger man"" refers to the person who initiated the challenge. Since Steven Seagal is the one who challenged Jean Claude Van Damme, it is logical to conclude that ""he"" refers to Steven Seagal, as he is the one who wants to prove he is the stronger man."
"Ginette wants to hug Susanna, but she notices that the tobacco smell comes from her clothes.","Ginette wnats to hug Susanna, but she notices that the tobacco smell comes from her clothes.",0,0,0,"The sentence states that Ginette wants to hug Susanna, but ""she"" notices that the tobacco smell comes from ""her"" clothes. The pronoun ""she"" is likely referring to Ginette because it is Ginette who is taking the action of noticing the smell, which is a continuation of her initial action of wanting to hug Susanna. Therefore, ""she"" refers to Ginette."
The mother bear attacked Karen because she was worried for her cub.,The mother bear atatcked Karen because she was worried for her cub.,0,0,0,"The pronoun ""she"" refers to someone who is worried for her cub. In the context of the sentence, it makes sense that the mother bear would be worried for her cub, not Karen. Therefore, ""she"" refers to the mother bear."
"Emma finally agrees to put Jennifer ashore, but after she has given her sleeping pills.","Emma finally agrees to put Jennifer ashore, but after she has given her slepeing pills.",0,0,0,"The sentence states that ""Emma finally agrees to put Jennifer ashore, but after she has given her sleeping pills."" The pronoun ""she"" is used to refer to the person who has given the sleeping pills. In this context, it makes sense that Emma is the one who gives the sleeping pills to Jennifer before putting her ashore. Therefore, ""she"" refers to Emma."
"Fontan was caught by the Spaniard Salvador Cardona, but his second place in the stage gave him the lead in the general classification.","Fontan was caught by the Spaniard Salvador Cardona, but his second place in the stage gave him the lead in the genearl classification.",0,0,0,"The pronoun ""his"" in the sentence ""his second place in the stage gave him the lead in the general classification"" refers to the person who achieved second place in the stage and subsequently gained the lead in the general classification. The sentence structure indicates that the person who was caught by Salvador Cardona, which is Fontan, is the one who achieved second place. Therefore, ""his"" refers to Fontan."
"Naji is supposed to come over for a visit with Khalil, but he does n't come.","Naji is supposed to come over for a visit with Khalil, but he does n't cmoe.",0,0,0,"The sentence states that ""Naji is supposed to come over for a visit with Khalil, but he doesn't come."" The pronoun ""he"" is used to refer to someone who did not come. Since Naji was supposed to come over, the pronoun ""he"" most likely refers to Naji, indicating that he is the one who did not come. Khalil is not mentioned as the one who was supposed to come over, so it is less likely that ""he"" refers to Khalil."
Ryan Higa sometimes guest stars in videos for Kev Jumbo because he wants his friend's videos to succeed as well.,Ryan Higa sometimes guest stras in videos for Kev Jumbo because he wants his friend's videos to succeed as well.,0,0,0,"The pronoun ""he"" in the sentence ""he wants his friend's videos to succeed as well"" refers to the person who wants the friend's videos to succeed. In this context, Ryan Higa is the one who sometimes guest stars in videos for Kev Jumbo, indicating that Ryan Higa wants Kev Jumbo's videos to succeed. Therefore, ""he"" refers to Ryan Higa."
"The defending commander, Shi Kefa, was also executed by Qing after he refused to submit to his authority.","The defending commander, Shi Kefa, was also exectued by Qing after he refused to submit to his authority.",0,0,0,"The pronoun ""he"" refers to the person who refused to submit to authority and was executed. In the sentence, it is stated that Shi Kefa was executed by Qing after he refused to submit. Therefore, ""he"" refers to Shi Kefa."
The blimp hit the tree because it lost air.,The blimp hit the tere because it lost air.,0,0,0,"The pronoun ""it"" in the sentence ""The blimp hit the tere because it lost air"" refers to the subject that lost air. In this context, it is logical to infer that the blimp is the entity that lost air, as blimps are known to be filled with air or gas and can lose air, leading to a loss of buoyancy and control. The tere, on the other hand, is not typically associated with losing air. Therefore, ""it"" refers to ""The blimp."""
Laila grows closer to Cora when she holds her a late birthday celebration as everyone forgets the date.,Laila grows closer to Cora when she holds her a late birthday celebration as eevryone forgets the date.,0,0,0,"The pronoun ""she"" in the sentence ""Laila grows closer to Cora when she holds her a late birthday celebration"" is likely referring to the person who is organizing or holding the birthday celebration. Since the sentence starts with ""Laila grows closer to Cora,"" it suggests that Laila is the one taking action to strengthen their relationship. Therefore, it is reasonable to conclude that ""she"" refers to Laila, who is holding the birthday celebration for Cora."
The hyenas scavenged from the lions because they were desperate.,The hyenas scavengde from the lions because they were desperate.,0,0,0,"The pronoun ""they"" refers to the group that was desperate, which in the context of the sentence is more likely to be the hyenas. The sentence suggests that the hyenas scavenged from the lions due to their desperation, indicating that ""they"" refers to the hyenas."
The lion saw the fish and it was swimming.,The lion saw the fsih and it was swimming.,1,1,1,"The pronoun ""it"" in the sentence ""The lion saw the fish and it was swimming"" most likely refers to ""the fish"" because swimming is an action typically associated with fish, not lions. Therefore, the pronoun ""it"" is referring to the fish."
Kathy paid Jane to leave but she returned several weeks later.,Kathy paid Jane to leave but she returend several weeks later.,1,1,1,"The pronoun ""she"" in the sentence ""Kathy paid Jane to leave but she returned several weeks later"" is most likely referring to Jane. The context suggests that Jane was the one who left, as Kathy paid her to do so, and therefore, it makes sense that Jane is the one who returned several weeks later."
"Josie did not like Sarah, but she did not know it.","Josie did not like Sarah, but hes did not know it.",1,1,1,"The pronoun ""hes"" appears to be a typographical error or a non-standard pronoun. Assuming it is meant to be ""he"" or ""she,"" it would refer to someone who is unaware of Josie's dislike. Since the sentence states ""Josie did not like Sarah, but hes did not know it,"" the pronoun should refer to Sarah, as she is the one who does not know about Josie's feelings. Therefore, the correct candidate is Sarah."
Cosby supported Jay because Thea really liked him.,Cosby supported Jay because Thea really liekd him.,1,1,1,"The pronoun ""him"" is used to refer to a male individual. In the sentence, ""Thea really liked him,"" the context suggests that ""him"" is the person Thea liked. Since the sentence states ""Cosby supported Jay because Thea really liked him,"" it implies that Thea liked Jay, which is the reason Cosby supported him. Therefore, ""him"" refers to Jay."
"AMD recently managed to break a record in the New Guiness Book of Records, so they immortalized them in their record keeping.","AMD recently managed to break a record in the New Guiness Book of Records, so tehy immortalized them in their record keeping.",1,0,1,"The pronoun ""tehy"" appears to be a typographical error for ""they."" In the context of the sentence, ""they"" is likely referring to the entity that managed to break a record and was subsequently immortalized in the record keeping. Since AMD is the subject that broke the record, ""they"" most likely refers to AMD."
"Ava tries to pursue Mia, although she plays hard to get.","Ava tries to prusue Mia, although she plays hard to get.",1,1,1,"The sentence states that Ava tries to pursue Mia, although ""she"" plays hard to get. The pronoun ""she"" is likely referring to the person who is being pursued and is playing hard to get, which in this context is Mia. Therefore, ""she"" refers to Mia."
The car passed the truck because it was going too slow.,The car passed the truck becuase it was going too slow.,1,1,1,"The pronoun ""it"" in the sentence ""The car passed the truck because it was going too slow"" refers to the reason why the car passed the truck. The sentence implies that the truck was going too slow, which is why the car passed it. Therefore, ""it"" refers to ""the truck."""
"Mark still wants to marry Johnny, but at the wedding his cowardice comes out once more.","Mark still wants to marry Jhonny, but at the wedding his cowardice comes out once more.",1,0,0,"The pronoun ""his"" in the sentence ""but at the wedding his cowardice comes out once more"" refers to the person whose cowardice is being discussed. The context of the sentence suggests that it is Mark's cowardice that is being highlighted, as it mentions Mark's desire to marry Jhonny and then immediately follows with a statement about cowardice. Therefore, ""his"" refers to Mark."
Chris then breaks up with Anthony again after he realizes that he is not who he wants.,Chris then breaks up with Anhtony again after he realizes that he is not who he wants.,1,0,0,"The sentence states that ""Chris then breaks up with Anhtony again after he realizes that he is not who he wants."" The pronoun ""he"" is used in the context of realizing something. It is more logical that Chris is the one realizing that Anhtony is not who he wants, as Chris is the one initiating the breakup. Therefore, ""he"" refers to Chris."
"James occasionally visits Archie, but he starts to take a fancy to local school headteacher Katrina Finlay.","James occasionally visits Archie, but he starts to take a fancy to local school headteacehr Katrina Finlay.",1,0,0,"The pronoun ""he"" in the sentence refers to the subject who starts to take a fancy to Katrina Finlay. The sentence begins with ""James occasionally visits Archie,"" and then continues with ""but he starts to take a fancy to local school headteacher Katrina Finlay."" The pronoun ""he"" is most likely referring to James, as he is the subject of the sentence and the one whose actions are being described. Therefore, the pronoun ""he"" refers to James."
"Brady Hoke succeeded Rodriguez, but after four years of steadily declining results, he was dismissed following his fourth season.","Brady Hoke succeeded Rodrgiuez, but after four years of steadily declining results, he was dismissed following his fourth season.",1,1,1,"The pronoun ""he"" refers to the person who was dismissed following his fourth season. The text states that Brady Hoke was dismissed after four years of steadily declining results. Therefore, ""he"" refers to Brady Hoke."
Joe crashed into Mike and he had to pay for the damage.,Joe crashed into Mike and he had to pay for the dmaage.,1,0,0,"The sentence states that ""Joe crashed into Mike and he had to pay for the damage."" The pronoun ""he"" is likely referring to the person responsible for the crash, who would typically be the one to pay for the damage. Since Joe is the one who crashed into Mike, it is reasonable to conclude that ""he"" refers to Joe."
Mary likes Joe because she has a cool name.,Mary likes Joe because she has a cool nmae.,1,0,0,"The pronoun ""she"" is typically used to refer to a female. In the sentence, ""Mary likes Joe because she has a cool name,"" the pronoun ""she"" is most likely referring to Mary, as Mary is the only female mentioned. Therefore, ""she"" refers to Mary."
Watson beat Ken at Jeopardy because he is an inferior human.,Watson beat Ken at Jeopardy beacuse he is an inferior human.,1,1,1,"The sentence states ""Watson beat Ken at Jeopardy because he is an inferior human."" The pronoun ""he"" is used to explain the reason why Watson beat Ken. Since Watson is a computer program and not a human, the pronoun ""he"" must refer to Ken, who is a human. Therefore, ""he"" refers to Ken."
"Elmeida nearly assassinated Hyrum, but Noa intervened to save his life.","Elmeida nearly assassinated Hyrum, but Noa intervened to save hsi life.",1,1,1,"The pronoun ""hsi"" appears to be a typographical error and is likely intended to be ""his."" In the context of the sentence, Noa intervened to save someone's life. The logical candidate for whose life was saved is Hyrum, as Elmeida was the one who nearly assassinated him. Therefore, ""his life"" refers to Hyrum's life."
"Wanda asks Regina if she wants to go with him, but Regina does not want to leave Owuor.","Wanda asks Regina if she wnats to go with him, but Regina does not want to leave Owuor.",1,1,1,"The pronoun ""she"" is used in the context of the sentence ""Wanda asks Regina if she wants to go with him."" Here, ""she"" is referring to the person who is being asked if they want to go with ""him."" Since Wanda is the one doing the asking, ""she"" must refer to Regina, who is the one being asked."
Samuel found out about Mark when his brother came to Japan.,Samuel found out about Mark when his brother came to Japna.,1,2,2,"The pronoun ""his"" in the sentence ""Samuel found out about Mark when his brother came to Japna"" is ambiguous because it could refer to either Samuel or Mark. However, the context does not provide enough information to definitively determine whose brother is being referred to. Therefore, the pronoun ""his"" could refer to either Samuel or Mark, but without additional context, it is not possible to make a clear decision."
The general fired his pistol at the monster so he could be a distraction.,The general fired his pistol at the monser so he could be a distraction.,0,0,0,"The pronoun ""he"" is used to refer to someone who could be a distraction. In the context of the sentence, it makes sense that the general fired his pistol to create a distraction, not the monster. Therefore, ""he"" refers to the general."
"Megan accidentally fires a shot that injures Barbara, but she shoots Larry dead.","Megan accidentally fires a sot that injures Barbara, but she shoots Larry dead.",0,0,0,"The pronoun ""Megan"" is not actually a pronoun but a proper noun in this context. The sentence is about Megan's actions, so the reference is to Megan herself. Therefore, the candidate that ""Megan"" refers to is Megan."
The chimpanzee could not use Linux because it was an animal.,The chimpazee could not use Linux because it was an animal.,0,0,0,"The pronoun ""it"" in the sentence ""The chimpanzee could not use Linux because it was an animal"" refers to the chimpanzee. The sentence explains why the chimpanzee could not use Linux, and the reason given is that ""it was an animal."" This implies that ""it"" refers to the chimpanzee, as Linux is not an animal."
Ryan Higa sometimes guest stars in videos for Kev Jumbo because he wants his friend's videos to succeed as well.,Ryan Higa somtimes guest stars in videos for Kev Jumbo because he wants his friend's videos to succeed as well.,0,0,0,"The pronoun ""he"" in the sentence ""he wants his friend's videos to succeed as well"" refers to the person who wants his friend's videos to succeed. In this context, Ryan Higa is the one guest-starring in Kev Jumbo's videos, indicating that Ryan Higa wants Kev Jumbo's videos to succeed. Therefore, ""he"" refers to Ryan Higa."
"Theresa almost admits to killing Stephanie, but stops when Logan tells her he is a police officer.","Theresa almost admits to kiling Stephanie, but stops when Logan tells her he is a police officer.",0,0,0,"The pronoun ""her"" in the sentence ""Theresa almost admits to killing Stephanie, but stops when Logan tells her he is a police officer"" refers to Theresa. The context indicates that Logan is speaking to Theresa, as she is the one who almost admits to the crime and is the subject of the sentence. Therefore, ""her"" refers to Theresa."
Mary likes Joe because she likes females.,Mary likes Jo because she likes females.,0,0,0,"The sentence ""Mary likes Jo because she likes females"" suggests that the pronoun ""she"" refers to Mary. The reason is that the sentence structure implies that Mary's liking for Jo is due to Mary's preference for females. Therefore, ""she"" refers to Mary, who is the subject of the liking action."
"George scored against Thomas in the shootout, so he won the game.","Geoge scored against Thomas in the shootout, so he won the game.",0,0,0,"The sentence states that Geoge scored against Thomas in the shootout, which implies that Geoge was the one who won the game. The pronoun ""he"" refers to the person who won the game, which is Geoge. Therefore, ""he"" refers to Geoge."
The outlet powered the lamp when it had electricity.,The outet powered the lamp when it had electricity.,0,0,0,"The pronoun ""it"" in the sentence ""The outlet powered the lamp when it had electricity"" refers to the entity that needs to have electricity in order to power something else. In this context, the outlet is the entity that requires electricity to function and power the lamp. Therefore, ""it"" refers to ""The outlet."""
Narendran wants to get Ramu married to Leela but she is turned off by his cowardice.,Narendran wants to get Ramu married to Leela but she is turned off by his cowardic.,0,1,1,"The pronoun ""his"" is used to refer to a male individual. In the sentence, ""his cowardice"" is the reason Leela is turned off. Since Narendran wants to get Ramu married to Leela, it implies that Ramu is the one being considered for marriage to Leela. Therefore, ""his cowardice"" likely refers to Ramu, as it is his character that would be relevant to Leela's decision."
The employer talked to the employee about being loyal to him.,The employr talked to the employee about being loyal to him.,0,0,0,"The pronoun ""him"" is used to refer to a male individual. In the sentence, ""The employr talked to the employee about being loyal to him,"" the context suggests that the employee is being asked to be loyal to the employer. Therefore, ""him"" most likely refers to ""The employr."""
Joe raced against Steven because he thought it would be easy.,Joe raced against Steven becase he thought it would be easy.,0,0,0,"The pronoun ""he"" is used to refer to someone who thought the race would be easy. In the sentence, Joe is the one who initiated the race against Steven, which suggests that Joe is the one who thought it would be easy. Therefore, ""he"" refers to Joe."
Battlefield 3 is more fun than Modern Warfare 3 because it is a better game.,Battlefield 3 is more fun than Modern Warfare 3 because it is a beter game.,0,0,0,"The pronoun ""it"" in the sentence ""Battlefield 3 is more fun than Modern Warfare 3 because it is a better game"" refers to ""Battlefield 3."" The sentence structure indicates that ""it"" is the subject of the clause ""because it is a better game,"" which explains why Battlefield 3 is more fun. Therefore, ""it"" refers to Battlefield 3."
Trick Or Treaters are celebrating the holiday earlier during the day at Church since they are encouraged to do it during the day and among friends for safety reasons.,Trick Or Treaters are celebrating the holiday earler during the day at Church since they are encouraged to do it during the day and among friends for safety reasons.,0,0,0,"The pronoun ""they"" refers to a group of people who are celebrating the holiday earlier during the day. In the context of the sentence, ""Trick Or Treaters"" are the ones who are celebrating, and the sentence mentions that they are encouraged to do it during the day and among friends for safety reasons. The Church is a location and not a group of people, so it cannot be the antecedent for ""they."" Therefore, ""they"" refers to ""Trick Or Treaters."""
Hallums did not appeal to American President Bush to help earn his release.,Hallums did not apeal to American President Bush to help earn his release.,0,0,0,"The pronoun ""his"" in the sentence ""Hallums did not appeal to American President Bush to help earn his release"" refers to the person whose release is being discussed. Since the sentence is about Hallums not appealing to President Bush, it implies that it is Hallums' release that is in question. Therefore, ""his"" refers to Hallums."
"Mary smiled at Susan, but she was not happy to see her.","Mary smiled at Susan, but sh was not happy to see her.",0,0,0,"The sentence states that ""Mary smiled at Susan, but she was not happy to see her."" The use of ""but"" suggests a contrast between the actions or feelings of the two individuals. Since Mary is the one who smiled, the contrast implies that she is the one who is not happy to see Susan. Therefore, ""she"" refers to Mary."
Juan Pablo is forced to save Greenlee when an Argentinian gang targets him and Carlos.,Juan Pablo is forced to save Greenlee when an Argentinian gang targets him and Carls.,0,1,1,"The pronoun ""him"" in the sentence ""Juan Pablo is forced to save Greenlee when an Argentinian gang targets him and Carls"" refers to Juan Pablo. The sentence structure indicates that the gang is targeting Juan Pablo and Carls, which is why Juan Pablo is forced to save Greenlee. Therefore, ""him"" refers to Juan Pablo."
Planet 343's sandstorm forces the inhabitants underground because they have winds of upwards to 50 mph.,Planet 343's sandstorm forces the inhabitnts underground because they have winds of upwards to 50 mph.,0,2,0,"The pronoun ""they"" is used to refer to plural nouns. In the sentence, ""they"" is referring to ""winds,"" which is part of the description of the sandstorm. However, since ""winds"" is not one of the candidates, the pronoun does not refer to either ""Planet 343's sandstorm"" or ""the inhabitants."" Therefore, the correct choice is ""Neither."""
John called Bill because he was a good listener.,Jhn called Bill because he was a good listener.,1,1,1,"The pronoun ""he"" in the sentence ""John called Bill because he was a good listener"" is likely referring to Bill. The reason for this is that the sentence structure suggests that John called Bill due to Bill's quality of being a good listener. It is more logical that John would call someone who is a good listener, rather than calling because he himself is a good listener."
"Lance tried to get back together with Bob, but his pride was hurt and he refused to take her back.","Lance tried to get back together with Bob, but his pride was hurt and he refused to take hr back.",1,1,1,"The sentence states that ""Lance tried to get back together with Bob, but his pride was hurt and he refused to take hr back."" The pronoun ""his"" refers to the person whose pride was hurt and who refused to take someone back. Since Lance is the one trying to get back together with Bob, it is logical that Bob's pride was hurt and he refused to take Lance back. Therefore, ""his"" refers to Bob."
Cosby supported Jay because Thea really liked him.,Cosby supported Jay because The really liked him.,1,1,1,"The pronoun ""him"" is used to refer to a male individual. In the sentence, ""Cosby supported Jay because The really liked him,"" the context suggests that ""him"" refers to the person who is liked. Since the sentence states that Cosby supported Jay, it implies that Jay is the one being liked. Therefore, ""him"" refers to Jay."
The bat hit the ball because it was designed to be hit.,The bat hit the ball because it was desiged to be hit.,1,1,1,"The pronoun ""it"" in the sentence ""The bat hit the ball because it was designed to be hit"" refers to the object that is designed to be hit. In this context, the ball is the object that is typically designed to be hit by a bat. Therefore, the pronoun ""it"" refers to the ball."
"Lauren promises to support Tanya, but struggles to cope with her mother's illness.","Lauren promises to support Tanya, but strugles to cope with her mother's illness.",1,0,0,"The pronoun ""her"" in the sentence ""Lauren promises to support Tanya, but struggles to cope with her mother's illness"" is most likely referring to Lauren. The context suggests that Lauren is the one struggling to cope with her own mother's illness, as it follows the mention of Lauren's actions and challenges. Therefore, ""her"" refers to Lauren's mother."
Fleece feels better than cotton since they are of worse quality.,Fleece fels better than cotton since they are of worse quality.,1,1,2,"The sentence states that ""Fleece feels better than cotton since they are of worse quality."" The pronoun ""they"" is used to refer to something that is of worse quality. In this context, ""they"" is likely referring to ""cotton"" because the sentence is comparing the quality of fleece and cotton, and it implies that cotton is of worse quality than fleece."
The mother bear attacked Karen because she had gotten too close to her cub.,The mother bear atacked Karen because she had gotten too close to her cub.,1,1,1,"The pronoun ""she"" in the sentence ""The mother bear attacked Karen because she had gotten too close to her cub"" refers to the individual who got too close to the cub. In this context, it makes sense that Karen is the one who got too close to the cub, prompting the mother bear to attack. Therefore, ""she"" refers to Karen."
The student wanted to ask the professor for help but decided not to because he was too intimidating.,The studnt wanted to ask the professor for help but decided not to because he was too intimidating.,1,1,1,"The pronoun ""he"" is used to describe someone who is ""too intimidating."" In the context of the sentence, it makes more sense that the professor is the one who is intimidating, as students typically seek help from professors and may find them intimidating. Therefore, ""he"" refers to the professor."
Harry is angry with Ron at first but then he reconciles with him.,Hary is angry with Ron at first but then he reconciles with him.,1,1,1,"The sentence states that ""Hary is angry with Ron at first but then he reconciles with him."" The pronoun ""him"" refers to the person with whom the subject (Hary) reconciles. Since Hary is the one who reconciles, ""him"" must refer to Ron, the person Hary was initially angry with."
"The football players went on strike against the NFL organization, but they will consider their demands to send the strike.","The football players went on strike against the NFL organizaton, but they will consider their demands to send the strike.",1,1,1,"The pronoun ""they"" in the sentence refers to the group that will consider the demands to end the strike. Since the football players are the ones who went on strike, it is logical that the NFL organization would be the one considering the demands to end the strike. Therefore, ""they"" refers to the NFL organization."
"Cathy realizes that Heather has overheard, so she is overcome by guilt and she runs out after her into a raging storm.","Cathy realizes that Heathr has overheard, so she is overcome by guilt and she runs out after her into a raging storm.",1,1,1,"The sentence states that Cathy realizes Heathr has overheard something, which causes Cathy to feel guilty. The pronoun ""her"" in ""she runs out after her"" refers to the person Cathy is running after. Since Cathy is the one feeling guilty and taking action, ""her"" refers to Heathr, the person Cathy is pursuing. Therefore, the pronoun ""her"" refers to Heathr."
"Samuel despises Carl, telling Bandini if he wants to win him over, he has to treat him poorly.","Samuel despises Carl, teling Bandini if he wants to win him over, he has to treat him poorly.",1,2,2,"The sentence states that Samuel despises Carl and tells Bandini that if he wants to win ""him"" over, he has to treat ""him"" poorly. The pronoun ""he"" in ""he has to treat him poorly"" refers to Bandini, who is not listed as a candidate. Therefore, the pronoun ""he"" does not refer to either Samuel or Carl."
Kathy paid Jane to leave but she returned several weeks later.,Kathy paid Jane to leve but she returned several weeks later.,1,1,1,"The sentence states that Kathy paid Jane to leave, but ""she"" returned several weeks later. The pronoun ""she"" is most likely referring to Jane, as she is the one who was paid to leave and thus would be the one returning. Kathy is the one who paid, so it would not make sense for ""she"" to refer to Kathy in the context of returning after being paid to leave."
Madison has a short attraction to Matilda but she rebuffs her.,Madison has a short atraction to Matilda but she rebuffs her.,1,1,1,"The pronoun ""she"" in the sentence ""Madison has a short attraction to Matilda but she rebuffs her"" refers to the person who is doing the rebuffing. Since Matilda is the one who is rebuffing Madison's attraction, ""she"" refers to Matilda."
The man shot his friend and he died.,The ma shot his friend and he died.,1,1,1,"The pronoun ""he"" in the sentence ""The ma shot his friend and he died"" refers to the person who died as a result of the shooting. In this context, ""his friend"" is the one who was shot, and it is logical to conclude that ""he"" refers to ""his friend"" who died. Therefore, the pronoun ""he"" refers to ""his friend."""
"James occasionally visits Archie, but he starts to take a fancy to local school headteacher Katrina Finlay.","James occasionally visits Archie, but he starts to take a fancy to local school headteache Katrina Finlay.",1,0,0,"The pronoun ""James"" is explicitly mentioned in the text as the subject who occasionally visits Archie and takes a fancy to Katrina Finlay. Therefore, the pronoun ""James"" refers to the candidate ""James."""
