,text,modified_label,modified_pred,original_text,original_pred,original_label,type
0,The Nauruan fishing community built and operated two types of advanced fishing vessels.,"[{'text': 'Nauruan fishing community', 'value': 'ORGANIZATION'}]",[],The Austro-Hungarian Navy built and operated two classes of protected cruisers.,"[{'text': 'Austro-Hungarian Navy', 'value': 'ORGANIZATION'}]","[{'text': 'Austro-Hungarian Navy', 'value': 'ORGANIZATION'}]",
1,The Kazakh Naval Forces built and operated two types of patrol boats.,"[{'text': 'Kazakh Naval Forces', 'value': 'ORGANIZATION'}]",[{'Kazakh Naval Forces': 'ORGANIZATION'}],The Austro-Hungarian Navy built and operated two classes of protected cruisers.,"[{'text': 'Austro-Hungarian Navy', 'value': 'ORGANIZATION'}]","[{'text': 'Austro-Hungarian Navy', 'value': 'ORGANIZATION'}]",
2,"They concluded the tournament 14–19, 9–9 in the Kiribati Games to secure a mid-ranking position.","[{'text': 'Kiribati Games', 'value': 'EVENT'}]",[{'Kiribati Games': 'EVENT'}],"They finished the season 14â19, 9â9 in C-USA play to finish in seventh place.",[],"[{'text': 'C-USA play', 'value': 'EVENT'}]",
3,The Republic of China Navy built and operated two classes of missile frigates.,"[{'text': 'Republic of China Navy', 'value': 'ORGANIZATION'}]",[{'Republic of China Navy': 'ORGANIZATION'}],The Austro-Hungarian Navy built and operated two classes of protected cruisers.,"[{'text': 'Austro-Hungarian Navy', 'value': 'ORGANIZATION'}]","[{'text': 'Austro-Hungarian Navy', 'value': 'ORGANIZATION'}]",
4,"They concluded the season 14–19, 9–9 in Top League play to secure the seventh spot.","[{'text': 'Top League play', 'value': 'EVENT'}]",[],"They finished the season 14â19, 9â9 in C-USA play to finish in seventh place.",[],"[{'text': 'C-USA play', 'value': 'EVENT'}]",
5,The Cypriot National Guard built and operated two types of patrol boats.,"[{'text': 'Cypriot National Guard', 'value': 'ORGANIZATION'}]",[{'Cypriot National Guard': 'ORGANIZATION'}],The Austro-Hungarian Navy built and operated two classes of protected cruisers.,"[{'text': 'Austro-Hungarian Navy', 'value': 'ORGANIZATION'}]","[{'text': 'Austro-Hungarian Navy', 'value': 'ORGANIZATION'}]",
6,The Indonesian Navy constructed and managed two types of armored patrol boats.,"[{'text': 'Indonesian Navy', 'value': 'ORGANIZATION'}]",[],The Austro-Hungarian Navy built and operated two classes of protected cruisers.,"[{'text': 'Austro-Hungarian Navy', 'value': 'ORGANIZATION'}]","[{'text': 'Austro-Hungarian Navy', 'value': 'ORGANIZATION'}]",
7,"He has garnered recognition from prominent publications and media channels like Gulf News, The National, Khaleej Times, Al Bayan, Al Ittihad, Emirates News Agency, Abu Dhabi TV, and Dubai Media Incorporated.","[{'text': 'Gulf News', 'value': 'ORGANIZATION'}, {'value': 'ORGANIZATION', 'text': 'The National'}, {'value': 'ORGANIZATION', 'text': 'Khaleej Times'}, {'text': 'Al Bayan', 'value': 'ORGANIZATION'}, {'value': 'ORGANIZATION', 'text': 'Al Ittihad'}, {'text': 'Emirates News Agency', 'value': 'ORGANIZATION'}, {'text': 'Abu Dhabi TV', 'value': 'ORGANIZATION'}, {'text': 'Dubai Media Incorporated', 'value': 'ORGANIZATION'}]","[{'Gulf News': 'ORGANIZATION'}, {'The National': 'ORGANIZATION'}, {'Khaleej Times': 'ORGANIZATION'}, {'Al Bayan': 'ORGANIZATION'}, {'Al Ittihad': 'ORGANIZATION'}, {'Emirates News Agency': 'ORGANIZATION'}, {'Abu Dhabi TV': 'ORGANIZATION'}, {'Dubai Media Incorporated': 'ORGANIZATION'}]","He has caught the attention of major publications and media outlets such as CNN, The Huffington Post, Hypebeast, The Guardian, Juxtapoz Magazine, Daily Mail, NRDC, Aljazeera and Hi-Fructose Magazine.","[{'text': 'CNN', 'value': 'ORGANIZATION'}, {'text': 'The Huffington Post', 'value': 'ORGANIZATION'}, {'text': 'Hypebeast', 'value': 'ORGANIZATION'}, {'text': 'The Guardian', 'value': 'ORGANIZATION'}, {'text': 'Juxtapoz Magazine', 'value': 'ORGANIZATION'}, {'text': 'Daily Mail', 'value': 'ORGANIZATION'}, {'text': 'NRDC', 'value': 'ORGANIZATION'}, {'text': 'Aljazeera', 'value': 'ORGANIZATION'}, {'text': 'Hi-Fructose Magazine', 'value': 'ORGANIZATION'}]","[{'text': 'CNN', 'value': 'ORGANIZATION'}, {'text': 'The Huffington Post', 'value': 'ORGANIZATION'}, {'text': 'Hypebeast', 'value': 'ORGANIZATION'}, {'text': 'The Guardian', 'value': 'ORGANIZATION'}, {'text': 'Juxtapoz Magazine', 'value': 'ORGANIZATION'}, {'text': 'Daily Mail, NRDC', 'value': 'ORGANIZATION'}, {'text': 'Aljazeera', 'value': 'ORGANIZATION'}, {'text': 'Hi-Fructose Magazine', 'value': 'ORGANIZATION'}]",
8,"They ended the season 14–19, 9–9 in the T&T Pro League to finish in seventh position.","[{'text': 'T&T Pro League', 'value': 'EVENT'}]",[{'T&T Pro League': 'EVENT'}],"They finished the season 14â19, 9â9 in C-USA play to finish in seventh place.",[],"[{'text': 'C-USA play', 'value': 'EVENT'}]",
9,"He was born in Kolonia, Pohnpei, where he attended Nanpei Memorial School, Pohnpei Island Central School and Pohnpei State School.","[{'value': 'LOCATION', 'text': 'Kolonia'}, {'value': 'LOCATION', 'text': 'Pohnpei'}, {'value': 'ORGANIZATION', 'text': 'Nanpei Memorial School'}, {'text': 'Pohnpei Island Central School', 'value': 'ORGANIZATION'}, {'value': 'ORGANIZATION', 'text': 'Pohnpei State School'}]","[{'Kolonia': 'LOCATION'}, {'Pohnpei': 'LOCATION'}, {'Nanpei Memorial School': 'ORGANIZATION'}, {'Pohnpei Island Central School': 'ORGANIZATION'}, {'Pohnpei State School': 'ORGANIZATION'}]","He was born in Wellingborough, Northamptonshire, where he attended Victoria Junior School, Westfield Boys School and Sir Christopher Hatton School.","[{'text': 'Wellingborough', 'value': 'LOCATION'}, {'text': 'Northamptonshire', 'value': 'LOCATION'}, {'text': 'Victoria Junior School', 'value': 'ORGANIZATION'}, {'text': 'Westfield Boys School', 'value': 'ORGANIZATION'}, {'text': 'Sir Christopher Hatton School', 'value': 'ORGANIZATION'}]","[{'text': 'Wellingborough', 'value': 'LOCATION'}, {'text': 'Northamptonshire', 'value': 'LOCATION'}, {'text': 'Victoria Junior School', 'value': 'ORGANIZATION'}, {'text': 'Westfield Boys School', 'value': 'ORGANIZATION'}, {'text': 'Sir Christopher Hatton School', 'value': 'ORGANIZATION'}]",
10,The Cuban Revolutionary Navy built and operated two types of patrol boats.,"[{'text': 'Cuban Revolutionary Navy', 'value': 'ORGANIZATION'}]",[{'Cuban Revolutionary Navy': 'ORGANIZATION'}],The Austro-Hungarian Navy built and operated two classes of protected cruisers.,"[{'text': 'Austro-Hungarian Navy', 'value': 'ORGANIZATION'}]","[{'text': 'Austro-Hungarian Navy', 'value': 'ORGANIZATION'}]",
11,The Royal Navy of Oman constructed and maintained two types of patrol boats.,"[{'text': 'Royal Navy of Oman', 'value': 'ORGANIZATION'}]",[{'Royal Navy of Oman': 'ORGANIZATION'}],The Austro-Hungarian Navy built and operated two classes of protected cruisers.,"[{'text': 'Austro-Hungarian Navy', 'value': 'ORGANIZATION'}]","[{'text': 'Austro-Hungarian Navy', 'value': 'ORGANIZATION'}]",
12,"He is a Member of Parliament representing Dodoma for the period 2006–2011, and belongs to the Chama Cha Mapinduzi party.","[{'value': 'LOCATION', 'text': 'Dodoma'}, {'text': 'Chama Cha Mapinduzi', 'value': 'ORGANIZATION'}]","[{'Dodoma': 'LOCATION'}, {'2006–2011': 'EVENT'}, {'Chama Cha Mapinduzi': 'ORGANIZATION'}]","He is a Congressman representing Cajamarca for the period 2006â2011, and belongs to the Union for Peru party.","[{'text': 'Cajamarca', 'value': 'LOCATION'}, {'text': '2006–2011', 'value': 'EVENT'}, {'text': 'Union for Peru', 'value': 'ORGANIZATION'}]","[{'text': 'Cajamarca', 'value': 'LOCATION'}, {'text': 'Peru party', 'value': 'ORGANIZATION'}]",
13,"He was born in Almaty, Kazakhstan, where he attended Nursultan Primary School, Ablai Khan High School and Kazakh National University.","[{'value': 'LOCATION', 'text': 'Almaty'}, {'text': 'Kazakhstan', 'value': 'LOCATION'}, {'text': 'Nursultan Primary School', 'value': 'ORGANIZATION'}, {'value': 'ORGANIZATION', 'text': 'Ablai Khan High School'}, {'text': 'Kazakh National University', 'value': 'ORGANIZATION'}]","[{'Almaty': 'LOCATION'}, {'Kazakhstan': 'LOCATION'}, {'Nursultan Primary School': 'ORGANIZATION'}, {'Ablai Khan High School': 'ORGANIZATION'}, {'Kazakh National University': 'ORGANIZATION'}]","He was born in Wellingborough, Northamptonshire, where he attended Victoria Junior School, Westfield Boys School and Sir Christopher Hatton School.","[{'text': 'Wellingborough', 'value': 'LOCATION'}, {'text': 'Northamptonshire', 'value': 'LOCATION'}, {'text': 'Victoria Junior School', 'value': 'ORGANIZATION'}, {'text': 'Westfield Boys School', 'value': 'ORGANIZATION'}, {'text': 'Sir Christopher Hatton School', 'value': 'ORGANIZATION'}]","[{'text': 'Wellingborough', 'value': 'LOCATION'}, {'text': 'Northamptonshire', 'value': 'LOCATION'}, {'text': 'Victoria Junior School', 'value': 'ORGANIZATION'}, {'text': 'Westfield Boys School', 'value': 'ORGANIZATION'}, {'text': 'Sir Christopher Hatton School', 'value': 'ORGANIZATION'}]",
14,"They finished the season 14–19, 9–9 in Kategoria Superiore to finish in seventh place.","[{'text': 'Kategoria Superiore', 'value': 'EVENT'}]",[],"They finished the season 14â19, 9â9 in C-USA play to finish in seventh place.",[],"[{'text': 'C-USA play', 'value': 'EVENT'}]",
15,"The Il-76 pilot, Major Alisher Navoiy, later reminisced,","[{'text': 'Il-76', 'value': 'PRODUCT'}, {'value': 'PERSON', 'text': 'Alisher Navoiy'}]","[{'Il-76': 'PRODUCT'}, {'Major Alisher Navoiy': 'PERSON'}]","The B-52 pilot, Major Larry G.Messinger, later recalled,","[{'text': 'Major Larry G. Messinger', 'value': 'PERSON'}, {'text': 'B-52', 'value': 'PRODUCT'}]","[{'text': 'B-52', 'value': 'PRODUCT'}, {'text': 'Larry G.Messinger', 'value': 'PERSON'}]",
16,"He is a Senator representing Chuuk for the period 2006–2011, and is a member of the Kaselehlie State party.","[{'value': 'LOCATION', 'text': 'Chuuk'}, {'value': 'ORGANIZATION', 'text': 'Kaselehlie State party'}]","[{'Chuuk': 'LOCATION'}, {'Kaselehlie State party': 'ORGANIZATION'}]","He is a Congressman representing Cajamarca for the period 2006â2011, and belongs to the Union for Peru party.","[{'text': 'Cajamarca', 'value': 'LOCATION'}, {'text': '2006–2011', 'value': 'EVENT'}, {'text': 'Union for Peru', 'value': 'ORGANIZATION'}]","[{'text': 'Cajamarca', 'value': 'LOCATION'}, {'text': 'Peru party', 'value': 'ORGANIZATION'}]",
17,"Somewhat obscured by the Mount Tai range, it is often ascended together with its neighbor Mount Hua.","[{'text': 'Mount Tai', 'value': 'LOCATION'}, {'text': 'Mount Hua', 'value': 'LOCATION'}]","[{'Mount Tai': 'LOCATION'}, {'Mount Hua': 'LOCATION'}]","Somewhat hidden away by the Ben Cruachan range, it is usually climbed in conjunction with its neighbour Beinn Eunaich.","[{'text': 'Ben Cruachan', 'value': 'LOCATION'}, {'text': 'Beinn Eunaich', 'value': 'LOCATION'}]","[{'text': 'Ben Cruachan', 'value': 'LOCATION'}, {'text': 'Beinn Eunaich', 'value': 'LOCATION'}]",
18,"Somewhat obscured by the Šar Mountains, it is often ascended together with its neighbor Mount Korab.","[{'text': 'Šar Mountains', 'value': 'LOCATION'}, {'value': 'LOCATION', 'text': 'Mount Korab'}]","[{'Šar Mountains': 'LOCATION'}, {'Mount Korab': 'LOCATION'}]","Somewhat hidden away by the Ben Cruachan range, it is usually climbed in conjunction with its neighbour Beinn Eunaich.","[{'text': 'Ben Cruachan', 'value': 'LOCATION'}, {'text': 'Beinn Eunaich', 'value': 'LOCATION'}]","[{'text': 'Ben Cruachan', 'value': 'LOCATION'}, {'text': 'Beinn Eunaich', 'value': 'LOCATION'}]",
19,"Somewhat obscured by the Shahdag range, it is often ascended together with its neighbor Bazarduzu.","[{'value': 'LOCATION', 'text': 'Shahdag'}, {'text': 'Bazarduzu', 'value': 'LOCATION'}]","[{'Shahdag range': 'LOCATION'}, {'Bazarduzu': 'LOCATION'}]","Somewhat hidden away by the Ben Cruachan range, it is usually climbed in conjunction with its neighbour Beinn Eunaich.","[{'text': 'Ben Cruachan', 'value': 'LOCATION'}, {'text': 'Beinn Eunaich', 'value': 'LOCATION'}]","[{'text': 'Ben Cruachan', 'value': 'LOCATION'}, {'text': 'Beinn Eunaich', 'value': 'LOCATION'}]",
20,"Somewhat obscured by the Mount Yasur range, it is often ascended together with its neighbour Mount Tabwemasana.","[{'text': 'Mount Yasur', 'value': 'LOCATION'}, {'value': 'LOCATION', 'text': 'Mount Tabwemasana'}]","[{'Mount Yasur': 'LOCATION'}, {'Mount Tabwemasana': 'LOCATION'}]","Somewhat hidden away by the Ben Cruachan range, it is usually climbed in conjunction with its neighbour Beinn Eunaich.","[{'text': 'Ben Cruachan', 'value': 'LOCATION'}, {'text': 'Beinn Eunaich', 'value': 'LOCATION'}]","[{'text': 'Ben Cruachan', 'value': 'LOCATION'}, {'text': 'Beinn Eunaich', 'value': 'LOCATION'}]",
21,"Somewhat obscured by the Djurdjura range, it is often ascended together with its neighbour Mount Chelia.","[{'text': 'Djurdjura', 'value': 'LOCATION'}, {'text': 'Mount Chelia', 'value': 'LOCATION'}]","[{'Djurdjura range': 'LOCATION'}, {'Mount Chelia': 'LOCATION'}]","Somewhat hidden away by the Ben Cruachan range, it is usually climbed in conjunction with its neighbour Beinn Eunaich.","[{'text': 'Ben Cruachan', 'value': 'LOCATION'}, {'text': 'Beinn Eunaich', 'value': 'LOCATION'}]","[{'text': 'Ben Cruachan', 'value': 'LOCATION'}, {'text': 'Beinn Eunaich', 'value': 'LOCATION'}]",
22,"Somewhat obscured by the El Yunque range, it is often hiked along with its neighbor Cerro de Punta.","[{'text': 'El Yunque', 'value': 'LOCATION'}, {'value': 'LOCATION', 'text': 'Cerro de Punta'}]","[{'El Yunque': 'LOCATION'}, {'Cerro de Punta': 'LOCATION'}]","Somewhat hidden away by the Ben Cruachan range, it is usually climbed in conjunction with its neighbour Beinn Eunaich.","[{'text': 'Ben Cruachan', 'value': 'LOCATION'}, {'text': 'Beinn Eunaich', 'value': 'LOCATION'}]","[{'text': 'Ben Cruachan', 'value': 'LOCATION'}, {'text': 'Beinn Eunaich', 'value': 'LOCATION'}]",
23,"Somewhat obscured by the Doi Inthanon range, it is often ascended together with its neighbor Doi Chiang Dao.","[{'text': 'Doi Inthanon', 'value': 'LOCATION'}, {'text': 'Doi Chiang Dao', 'value': 'LOCATION'}]","[{'Doi Inthanon': 'LOCATION'}, {'Doi Chiang Dao': 'LOCATION'}]","Somewhat hidden away by the Ben Cruachan range, it is usually climbed in conjunction with its neighbour Beinn Eunaich.","[{'text': 'Ben Cruachan', 'value': 'LOCATION'}, {'text': 'Beinn Eunaich', 'value': 'LOCATION'}]","[{'text': 'Ben Cruachan', 'value': 'LOCATION'}, {'text': 'Beinn Eunaich', 'value': 'LOCATION'}]",
24,"Somewhat obscured by the Ras Dashen range, it is often ascended together with its neighbor Mount Bwahit.","[{'text': 'Ras Dashen', 'value': 'LOCATION'}, {'text': 'Mount Bwahit', 'value': 'LOCATION'}]","[{'Ras Dashen': 'LOCATION'}, {'Mount Bwahit': 'LOCATION'}]","Somewhat hidden away by the Ben Cruachan range, it is usually climbed in conjunction with its neighbour Beinn Eunaich.","[{'text': 'Ben Cruachan', 'value': 'LOCATION'}, {'text': 'Beinn Eunaich', 'value': 'LOCATION'}]","[{'text': 'Ben Cruachan', 'value': 'LOCATION'}, {'text': 'Beinn Eunaich', 'value': 'LOCATION'}]",
25,"He was born in Soweto, Gauteng, where he attended Protea Primary School, Meadowlands High School and Orlando West High School.","[{'text': 'Soweto', 'value': 'LOCATION'}, {'value': 'LOCATION', 'text': 'Gauteng'}, {'text': 'Protea Primary School', 'value': 'ORGANIZATION'}, {'text': 'Meadowlands High School', 'value': 'ORGANIZATION'}, {'text': 'Orlando West High School', 'value': 'ORGANIZATION'}]","[{'Soweto': 'LOCATION'}, {'Gauteng': 'LOCATION'}, {'Protea Primary School': 'ORGANIZATION'}, {'Meadowlands High School': 'ORGANIZATION'}, {'Orlando West High School': 'ORGANIZATION'}]","He was born in Wellingborough, Northamptonshire, where he attended Victoria Junior School, Westfield Boys School and Sir Christopher Hatton School.","[{'text': 'Wellingborough', 'value': 'LOCATION'}, {'text': 'Northamptonshire', 'value': 'LOCATION'}, {'text': 'Victoria Junior School', 'value': 'ORGANIZATION'}, {'text': 'Westfield Boys School', 'value': 'ORGANIZATION'}, {'text': 'Sir Christopher Hatton School', 'value': 'ORGANIZATION'}]","[{'text': 'Wellingborough', 'value': 'LOCATION'}, {'text': 'Northamptonshire', 'value': 'LOCATION'}, {'text': 'Victoria Junior School', 'value': 'ORGANIZATION'}, {'text': 'Westfield Boys School', 'value': 'ORGANIZATION'}, {'text': 'Sir Christopher Hatton School', 'value': 'ORGANIZATION'}]",
26,"He is a Member of Parliament representing Tirana for the period 2006–2011, and belongs to the Socialist Party of Albania.","[{'text': 'Tirana', 'value': 'LOCATION'}, {'value': 'ORGANIZATION', 'text': 'Socialist Party of Albania'}]","[{'Tirana': 'LOCATION'}, {'Socialist Party of Albania': 'ORGANIZATION'}]","He is a Congressman representing Cajamarca for the period 2006â2011, and belongs to the Union for Peru party.","[{'text': 'Cajamarca', 'value': 'LOCATION'}, {'text': '2006–2011', 'value': 'EVENT'}, {'text': 'Union for Peru', 'value': 'ORGANIZATION'}]","[{'text': 'Cajamarca', 'value': 'LOCATION'}, {'text': 'Peru party', 'value': 'ORGANIZATION'}]",
27,"He is a Congressman representing Cochabamba for the period 2006–2011, and belongs to the Movement for Socialism party.","[{'text': 'Cochabamba', 'value': 'LOCATION'}, {'text': 'Movement for Socialism party', 'value': 'ORGANIZATION'}]","[{'Cochabamba': 'LOCATION'}, {'Movement for Socialism': 'ORGANIZATION'}]","He is a Congressman representing Cajamarca for the period 2006â2011, and belongs to the Union for Peru party.","[{'text': 'Cajamarca', 'value': 'LOCATION'}, {'text': '2006–2011', 'value': 'EVENT'}, {'text': 'Union for Peru', 'value': 'ORGANIZATION'}]","[{'text': 'Cajamarca', 'value': 'LOCATION'}, {'text': 'Peru party', 'value': 'ORGANIZATION'}]",
28,"He is a National People's Congress delegate representing Guangzhou for the period 2006–2011, and belongs to the Communist Party of China.","[{'text': 'Guangzhou', 'value': 'LOCATION'}, {'text': 'Communist Party of China', 'value': 'ORGANIZATION'}]","[{""National People's Congress"": 'ORGANIZATION'}, {'Guangzhou': 'LOCATION'}, {'Communist Party of China': 'ORGANIZATION'}]","He is a Congressman representing Cajamarca for the period 2006â2011, and belongs to the Union for Peru party.","[{'text': 'Cajamarca', 'value': 'LOCATION'}, {'text': '2006–2011', 'value': 'EVENT'}, {'text': 'Union for Peru', 'value': 'ORGANIZATION'}]","[{'text': 'Cajamarca', 'value': 'LOCATION'}, {'text': 'Peru party', 'value': 'ORGANIZATION'}]",
29,The lowest match aggregate in PBA history for the Philippines is 91 scored at the 1979 PBA Governors' Cup against NLEX.,"[{'text': 'Philippines', 'value': 'ORGANIZATION'}, {'text': ""PBA Governors' Cup"", 'value': 'EVENT'}, {'text': 'NLEX', 'value': 'ORGANIZATION'}]","[{'PBA': 'ORGANIZATION'}, {'Philippines': 'LOCATION'}, {""1979 PBA Governors' Cup"": 'EVENT'}, {'NLEX': 'ORGANIZATION'}]",The lowest match aggregate in ODI history for England is 91 scored at the 1979 Cricket World Cup against Canada.,"[{'text': 'England', 'value': 'ORGANIZATION'}, {'text': '1979 Cricket World Cup', 'value': 'EVENT'}, {'text': 'Canada', 'value': 'LOCATION'}]","[{'text': 'England', 'value': 'ORGANIZATION'}, {'text': 'Cricket World Cup', 'value': 'EVENT'}, {'text': 'Canada', 'value': 'ORGANIZATION'}]",
30,"He is a Congressman representing Baguio for the period 2006–2011, and belongs to the Nacionalista Party.","[{'text': 'Baguio', 'value': 'LOCATION'}, {'text': 'Nacionalista Party', 'value': 'ORGANIZATION'}]","[{'Baguio': 'LOCATION'}, {'Nacionalista Party': 'ORGANIZATION'}]","He is a Congressman representing Cajamarca for the period 2006â2011, and belongs to the Union for Peru party.","[{'text': 'Cajamarca', 'value': 'LOCATION'}, {'text': '2006–2011', 'value': 'EVENT'}, {'text': 'Union for Peru', 'value': 'ORGANIZATION'}]","[{'text': 'Cajamarca', 'value': 'LOCATION'}, {'text': 'Peru party', 'value': 'ORGANIZATION'}]",
31,"He is a Member of Parliament representing Dushanbe for the period 2006–2011, and belongs to the People's Democratic Party of Tajikistan.","[{'text': 'Dushanbe', 'value': 'LOCATION'}, {'text': ""People's Democratic Party of Tajikistan"", 'value': 'ORGANIZATION'}]","[{'Dushanbe': 'LOCATION'}, {""People's Democratic Party of Tajikistan"": 'ORGANIZATION'}]","He is a Congressman representing Cajamarca for the period 2006â2011, and belongs to the Union for Peru party.","[{'text': 'Cajamarca', 'value': 'LOCATION'}, {'text': '2006–2011', 'value': 'EVENT'}, {'text': 'Union for Peru', 'value': 'ORGANIZATION'}]","[{'text': 'Cajamarca', 'value': 'LOCATION'}, {'text': 'Peru party', 'value': 'ORGANIZATION'}]",
32,"He is a Member of Parliament representing Hawalli for the period 2006–2011, and belongs to the National Democratic Alliance.","[{'text': 'Hawalli', 'value': 'LOCATION'}, {'text': 'National Democratic Alliance', 'value': 'ORGANIZATION'}]","[{'Hawalli': 'LOCATION'}, {'National Democratic Alliance': 'ORGANIZATION'}]","He is a Congressman representing Cajamarca for the period 2006â2011, and belongs to the Union for Peru party.","[{'text': 'Cajamarca', 'value': 'LOCATION'}, {'text': '2006–2011', 'value': 'EVENT'}, {'text': 'Union for Peru', 'value': 'ORGANIZATION'}]","[{'text': 'Cajamarca', 'value': 'LOCATION'}, {'text': 'Peru party', 'value': 'ORGANIZATION'}]",
33,"During the Battle of Imjin River on April 27, 1592, Seo Hui was injured and forced to serve the remainder of the conflict as an officer in the Joseon Military Reserve.","[{'text': 'Battle of Imjin River', 'value': 'EVENT'}, {'value': 'PERSON', 'text': 'Seo Hui'}, {'value': 'ORGANIZATION', 'text': 'Joseon Military Reserve'}]","[{'Battle of Imjin River': 'EVENT'}, {'April 27, 1592': 'EVENT'}, {'Seo Hui': 'PERSON'}, {'Joseon Military Reserve': 'ORGANIZATION'}]","During the Battle of Antietam on September 17, 1862, Wilkinson was injured and forced to serve the remainder of the war as an officer in the Veterans Reserve Corps.","[{'text': 'Battle of Antietam', 'value': 'EVENT'}, {'text': 'September 17, 1862', 'value': 'EVENT'}, {'text': 'Wilkinson', 'value': 'PERSON'}, {'text': 'Veterans Reserve Corps', 'value': 'ORGANIZATION'}]","[{'text': 'Battle of Antietam', 'value': 'EVENT'}, {'text': 'Wilkinson', 'value': 'PERSON'}, {'text': 'Veterans Reserve Corps', 'value': 'ORGANIZATION'}]",
34,"During the Battle of Paysandú on January 2, 1865, Artigas was wounded and compelled to serve the rest of the conflict as an officer in the National Defense Corps.","[{'text': 'Battle of Paysandú', 'value': 'EVENT'}, {'value': 'PERSON', 'text': 'Artigas'}, {'value': 'ORGANIZATION', 'text': 'National Defense Corps'}]","[{'Battle of Paysandú': 'EVENT'}, {'January 2, 1865': 'EVENT'}, {'Artigas': 'PERSON'}, {'National Defense Corps': 'ORGANIZATION'}]","During the Battle of Antietam on September 17, 1862, Wilkinson was injured and forced to serve the remainder of the war as an officer in the Veterans Reserve Corps.","[{'text': 'Battle of Antietam', 'value': 'EVENT'}, {'text': 'September 17, 1862', 'value': 'EVENT'}, {'text': 'Wilkinson', 'value': 'PERSON'}, {'text': 'Veterans Reserve Corps', 'value': 'ORGANIZATION'}]","[{'text': 'Battle of Antietam', 'value': 'EVENT'}, {'text': 'Wilkinson', 'value': 'PERSON'}, {'text': 'Veterans Reserve Corps', 'value': 'ORGANIZATION'}]",
35,"During the Battle of Khatlon on September 17, 1862, Mirzo Tursunzoda was injured and forced to serve the remainder of the conflict as an officer in the Tajik National Guard.","[{'text': 'Battle of Khatlon', 'value': 'EVENT'}, {'value': 'PERSON', 'text': 'Mirzo Tursunzoda'}, {'text': 'Tajik National Guard', 'value': 'ORGANIZATION'}]","[{'Battle of Khatlon': 'EVENT'}, {'September 17, 1862': 'EVENT'}, {'Mirzo Tursunzoda': 'PERSON'}, {'Tajik National Guard': 'ORGANIZATION'}]","During the Battle of Antietam on September 17, 1862, Wilkinson was injured and forced to serve the remainder of the war as an officer in the Veterans Reserve Corps.","[{'text': 'Battle of Antietam', 'value': 'EVENT'}, {'text': 'September 17, 1862', 'value': 'EVENT'}, {'text': 'Wilkinson', 'value': 'PERSON'}, {'text': 'Veterans Reserve Corps', 'value': 'ORGANIZATION'}]","[{'text': 'Battle of Antietam', 'value': 'EVENT'}, {'text': 'Wilkinson', 'value': 'PERSON'}, {'text': 'Veterans Reserve Corps', 'value': 'ORGANIZATION'}]",
36,"During the Battle of Marathon on September 17, 490 BC, Leonidas was injured and forced to serve the remainder of the war as a strategist in the Athenian Reserve Forces.","[{'value': 'EVENT', 'text': 'Battle of Marathon'}, {'text': 'Leonidas', 'value': 'PERSON'}, {'text': 'Athenian Reserve Forces', 'value': 'ORGANIZATION'}]","[{'Battle of Marathon': 'EVENT'}, {'September 17, 490 BC': 'DATE'}, {'Leonidas': 'PERSON'}, {'Athenian Reserve Forces': 'ORGANIZATION'}]","During the Battle of Antietam on September 17, 1862, Wilkinson was injured and forced to serve the remainder of the war as an officer in the Veterans Reserve Corps.","[{'text': 'Battle of Antietam', 'value': 'EVENT'}, {'text': 'September 17, 1862', 'value': 'EVENT'}, {'text': 'Wilkinson', 'value': 'PERSON'}, {'text': 'Veterans Reserve Corps', 'value': 'ORGANIZATION'}]","[{'text': 'Battle of Antietam', 'value': 'EVENT'}, {'text': 'Wilkinson', 'value': 'PERSON'}, {'text': 'Veterans Reserve Corps', 'value': 'ORGANIZATION'}]",
37,The reef fishes are a group of animals found exclusively in aquatic and mostly marine environments.,"[{'value': 'OTHER', 'text': 'reef fishes'}]",[],The Cnidaria are a group of animals found exclusively in aquatic and mostly marine environments.,[],"[{'text': 'Cnidaria', 'value': 'OTHER'}]",
38,"During the skirmish near Kokoda Trail on July 29, 1942, Ombi was wounded and compelled to serve the rest of the conflict as an officer in the Papua New Guinea Defence Force.","[{'value': 'EVENT', 'text': 'skirmish near Kokoda Trail'}, {'text': 'Ombi', 'value': 'PERSON'}, {'text': 'Papua New Guinea Defence Force', 'value': 'ORGANIZATION'}]","[{'Kokoda Trail': 'LOCATION'}, {'July 29, 1942': 'EVENT'}, {'Ombi': 'PERSON'}, {'Papua New Guinea Defence Force': 'ORGANIZATION'}]","During the Battle of Antietam on September 17, 1862, Wilkinson was injured and forced to serve the remainder of the war as an officer in the Veterans Reserve Corps.","[{'text': 'Battle of Antietam', 'value': 'EVENT'}, {'text': 'September 17, 1862', 'value': 'EVENT'}, {'text': 'Wilkinson', 'value': 'PERSON'}, {'text': 'Veterans Reserve Corps', 'value': 'ORGANIZATION'}]","[{'text': 'Battle of Antietam', 'value': 'EVENT'}, {'text': 'Wilkinson', 'value': 'PERSON'}, {'text': 'Veterans Reserve Corps', 'value': 'ORGANIZATION'}]",
39,"He has caught the attention of major publications and media outlets such as Jutarnji List, Večernji List, Index.hr, Slobodna Dalmacija, Nacional, Novi List, Dnevnik.hr, and Tportal.","[{'value': 'ORGANIZATION', 'text': 'Jutarnji List'}, {'text': 'Večernji List', 'value': 'ORGANIZATION'}, {'value': 'ORGANIZATION', 'text': 'Index.hr'}, {'value': 'ORGANIZATION', 'text': 'Slobodna Dalmacija'}, {'text': 'Nacional', 'value': 'ORGANIZATION'}, {'text': 'Novi List', 'value': 'ORGANIZATION'}, {'value': 'ORGANIZATION', 'text': 'Dnevnik.hr'}, {'value': 'ORGANIZATION', 'text': 'Tportal'}]","[{'Jutarnji List': 'ORGANIZATION'}, {'Večernji List': 'ORGANIZATION'}, {'Index.hr': 'ORGANIZATION'}, {'Slobodna Dalmacija': 'ORGANIZATION'}, {'Nacional': 'ORGANIZATION'}, {'Novi List': 'ORGANIZATION'}, {'Dnevnik.hr': 'ORGANIZATION'}, {'Tportal': 'ORGANIZATION'}]","He has caught the attention of major publications and media outlets such as CNN, The Huffington Post, Hypebeast, The Guardian, Juxtapoz Magazine, Daily Mail, NRDC, Aljazeera and Hi-Fructose Magazine.","[{'text': 'CNN', 'value': 'ORGANIZATION'}, {'text': 'The Huffington Post', 'value': 'ORGANIZATION'}, {'text': 'Hypebeast', 'value': 'ORGANIZATION'}, {'text': 'The Guardian', 'value': 'ORGANIZATION'}, {'text': 'Juxtapoz Magazine', 'value': 'ORGANIZATION'}, {'text': 'Daily Mail', 'value': 'ORGANIZATION'}, {'text': 'NRDC', 'value': 'ORGANIZATION'}, {'text': 'Aljazeera', 'value': 'ORGANIZATION'}, {'text': 'Hi-Fructose Magazine', 'value': 'ORGANIZATION'}]","[{'text': 'CNN', 'value': 'ORGANIZATION'}, {'text': 'The Huffington Post', 'value': 'ORGANIZATION'}, {'text': 'Hypebeast', 'value': 'ORGANIZATION'}, {'text': 'The Guardian', 'value': 'ORGANIZATION'}, {'text': 'Juxtapoz Magazine', 'value': 'ORGANIZATION'}, {'text': 'Daily Mail, NRDC', 'value': 'ORGANIZATION'}, {'text': 'Aljazeera', 'value': 'ORGANIZATION'}, {'text': 'Hi-Fructose Magazine', 'value': 'ORGANIZATION'}]",
40,In the early 1930s the band moved to the Chop Bar of the Golden Tulip in Accra; the band was renamed ``Kwame Mensah and His Golden Tulip Ensemble``.,"[{'text': 'Chop Bar', 'value': 'BUILDING'}, {'text': 'Golden Tulip', 'value': 'BUILDING'}, {'text': 'Accra', 'value': 'LOCATION'}, {'text': 'Kwame Mensah and His Golden Tulip Ensemble', 'value': 'ORGANIZATION'}]","[{'Chop Bar': 'LOCATION'}, {'Golden Tulip': 'BUILDING'}, {'Accra': 'LOCATION'}, {'Kwame Mensah': 'PERSON'}, {'Golden Tulip Ensemble': 'ORGANIZATION'}]",In the early 1930s the band moved to the Grill Room of the Taft Hotel in New York; the band was renamed ``George Hall and His Hotel Taft Orchestra``.,"[{'text': 'Grill Room', 'value': 'LOCATION'}, {'text': 'Taft Hotel', 'value': 'BUILDING'}, {'text': 'New York', 'value': 'LOCATION'}, {'text': 'George Hall', 'value': 'PERSON'}, {'text': 'Hotel Taft Orchestra', 'value': 'ORGANIZATION'}]","[{'text': 'Grill Room', 'value': 'BUILDING'}, {'text': 'Taft Hotel', 'value': 'BUILDING'}, {'text': 'New York', 'value': 'LOCATION'}, {'text': 'George Hall and His Hotel Taft Orchestra', 'value': 'ORGANIZATION'}]",
41,"The final season of village rugby at Ratu Sukuna Park saw season attendance of 16,322, an average of 299 per match.","[{'value': 'LOCATION', 'text': 'Ratu Sukuna Park'}]","[{'Ratu Sukuna Park': 'LOCATION'}, {'village rugby': 'EVENT'}]","The final season of minor league play Elkin Memorial Park saw season attendance of 16,322, an average of 299 per contest.","[{'text': 'Elkin Memorial Park', 'value': 'LOCATION'}]","[{'text': 'Elkin Memorial Park', 'value': 'LOCATION'}]",
42,In the early 1930s the band moved to the Gostilna Pri Kolovratu of the Grand Hotel Union in Ljubljana; the band was renamed ``Jurij Zrnec and His Grand Hotel Union Ensemble``.,"[{'text': 'Gostilna Pri Kolovratu', 'value': 'BUILDING'}, {'text': 'Grand Hotel Union', 'value': 'BUILDING'}, {'value': 'LOCATION', 'text': 'Ljubljana'}, {'value': 'ORGANIZATION', 'text': 'Jurij Zrnec and His Grand Hotel Union Ensemble'}]","[{'Gostilna Pri Kolovratu': 'BUILDING'}, {'Grand Hotel Union': 'BUILDING'}, {'Ljubljana': 'LOCATION'}, {'Jurij Zrnec': 'PERSON'}, {'Grand Hotel Union Ensemble': 'ORGANIZATION'}]",In the early 1930s the band moved to the Grill Room of the Taft Hotel in New York; the band was renamed ``George Hall and His Hotel Taft Orchestra``.,"[{'text': 'Grill Room', 'value': 'LOCATION'}, {'text': 'Taft Hotel', 'value': 'BUILDING'}, {'text': 'New York', 'value': 'LOCATION'}, {'text': 'George Hall', 'value': 'PERSON'}, {'text': 'Hotel Taft Orchestra', 'value': 'ORGANIZATION'}]","[{'text': 'Grill Room', 'value': 'BUILDING'}, {'text': 'Taft Hotel', 'value': 'BUILDING'}, {'text': 'New York', 'value': 'LOCATION'}, {'text': 'George Hall and His Hotel Taft Orchestra', 'value': 'ORGANIZATION'}]",
43,"The final season of amateur league play at Aristotle Park saw season attendance of 16,322, an average of 299 per match.","[{'value': 'LOCATION', 'text': 'Aristotle Park'}]",[{'Aristotle Park': 'LOCATION'}],"The final season of minor league play Elkin Memorial Park saw season attendance of 16,322, an average of 299 per contest.","[{'text': 'Elkin Memorial Park', 'value': 'LOCATION'}]","[{'text': 'Elkin Memorial Park', 'value': 'LOCATION'}]",
44,"They concluded the season with 14 wins and 19 losses, 9–9 in CBA games to secure the seventh spot.","[{'text': 'CBA games', 'value': 'EVENT'}]",[{'CBA': 'ORGANIZATION'}],"They finished the season 14â19, 9â9 in C-USA play to finish in seventh place.",[],"[{'text': 'C-USA play', 'value': 'EVENT'}]",
45,In the early 1930s the band moved to the Warung Angklung of the Hotel Borobudur in Jakarta; the band was renamed ``George Hall and His Hotel Borobudur Ensemble``.,"[{'text': 'Warung Angklung', 'value': 'BUILDING'}, {'value': 'BUILDING', 'text': 'Hotel Borobudur'}, {'value': 'LOCATION', 'text': 'Jakarta'}, {'value': 'ORGANIZATION', 'text': 'George Hall and His Hotel Borobudur Ensemble'}]","[{'Warung Angklung': 'LOCATION'}, {'Hotel Borobudur': 'BUILDING'}, {'Jakarta': 'LOCATION'}, {'George Hall and His Hotel Borobudur Ensemble': 'ORGANIZATION'}]",In the early 1930s the band moved to the Grill Room of the Taft Hotel in New York; the band was renamed ``George Hall and His Hotel Taft Orchestra``.,"[{'text': 'Grill Room', 'value': 'LOCATION'}, {'text': 'Taft Hotel', 'value': 'BUILDING'}, {'text': 'New York', 'value': 'LOCATION'}, {'text': 'George Hall', 'value': 'PERSON'}, {'text': 'Hotel Taft Orchestra', 'value': 'ORGANIZATION'}]","[{'text': 'Grill Room', 'value': 'BUILDING'}, {'text': 'Taft Hotel', 'value': 'BUILDING'}, {'text': 'New York', 'value': 'LOCATION'}, {'text': 'George Hall and His Hotel Taft Orchestra', 'value': 'ORGANIZATION'}]",
46,"The final season of local football at Parc Saint-Victor saw season attendance of 16,322, an average of 299 per match.","[{'value': 'LOCATION', 'text': 'Parc Saint-Victor'}]",[{'Parc Saint-Victor': 'LOCATION'}],"The final season of minor league play Elkin Memorial Park saw season attendance of 16,322, an average of 299 per contest.","[{'text': 'Elkin Memorial Park', 'value': 'LOCATION'}]","[{'text': 'Elkin Memorial Park', 'value': 'LOCATION'}]",
47,In the early 1930s the ensemble relocated to the Supra Hall of the Grand Tbilisi Inn in Tbilisi; the ensemble was rechristened 'Niko Pirosmani and His Grand Tbilisi Inn Ensemble'.,"[{'text': 'Supra Hall', 'value': 'BUILDING'}, {'text': 'Grand Tbilisi Inn', 'value': 'BUILDING'}, {'text': 'Tbilisi', 'value': 'LOCATION'}, {'text': 'Niko Pirosmani and His Grand Tbilisi Inn Ensemble', 'value': 'ORGANIZATION'}]","[{'Supra Hall': 'BUILDING'}, {'Grand Tbilisi Inn': 'BUILDING'}, {'Tbilisi': 'LOCATION'}, {'Niko Pirosmani and His Grand Tbilisi Inn Ensemble': 'ORGANIZATION'}]",In the early 1930s the band moved to the Grill Room of the Taft Hotel in New York; the band was renamed ``George Hall and His Hotel Taft Orchestra``.,"[{'text': 'Grill Room', 'value': 'LOCATION'}, {'text': 'Taft Hotel', 'value': 'BUILDING'}, {'text': 'New York', 'value': 'LOCATION'}, {'text': 'George Hall', 'value': 'PERSON'}, {'text': 'Hotel Taft Orchestra', 'value': 'ORGANIZATION'}]","[{'text': 'Grill Room', 'value': 'BUILDING'}, {'text': 'Taft Hotel', 'value': 'BUILDING'}, {'text': 'New York', 'value': 'LOCATION'}, {'text': 'George Hall and His Hotel Taft Orchestra', 'value': 'ORGANIZATION'}]",
48,"During the Battle of Isly on August 14, 1844, El Mansouri was wounded and compelled to spend the rest of the conflict as a commander in the Moroccan Royal Guard.","[{'text': 'Battle of Isly', 'value': 'EVENT'}, {'text': 'El Mansouri', 'value': 'PERSON'}, {'text': 'Moroccan Royal Guard', 'value': 'ORGANIZATION'}]","[{'Battle of Isly': 'EVENT'}, {'August 14, 1844': 'EVENT'}, {'El Mansouri': 'PERSON'}, {'Moroccan Royal Guard': 'ORGANIZATION'}]","During the Battle of Antietam on September 17, 1862, Wilkinson was injured and forced to serve the remainder of the war as an officer in the Veterans Reserve Corps.","[{'text': 'Battle of Antietam', 'value': 'EVENT'}, {'text': 'September 17, 1862', 'value': 'EVENT'}, {'text': 'Wilkinson', 'value': 'PERSON'}, {'text': 'Veterans Reserve Corps', 'value': 'ORGANIZATION'}]","[{'text': 'Battle of Antietam', 'value': 'EVENT'}, {'text': 'Wilkinson', 'value': 'PERSON'}, {'text': 'Veterans Reserve Corps', 'value': 'ORGANIZATION'}]",
49,"During the Tet Offensive on January 30, 1968, Nguyen was wounded and compelled to spend the rest of the conflict as an officer in the South Vietnamese Army.","[{'text': 'Tet Offensive', 'value': 'EVENT'}, {'value': 'PERSON', 'text': 'Nguyen'}, {'text': 'South Vietnamese Army', 'value': 'ORGANIZATION'}]","[{'Tet Offensive': 'EVENT'}, {'January 30, 1968': 'EVENT'}, {'Nguyen': 'PERSON'}, {'South Vietnamese Army': 'ORGANIZATION'}]","During the Battle of Antietam on September 17, 1862, Wilkinson was injured and forced to serve the remainder of the war as an officer in the Veterans Reserve Corps.","[{'text': 'Battle of Antietam', 'value': 'EVENT'}, {'text': 'September 17, 1862', 'value': 'EVENT'}, {'text': 'Wilkinson', 'value': 'PERSON'}, {'text': 'Veterans Reserve Corps', 'value': 'ORGANIZATION'}]","[{'text': 'Battle of Antietam', 'value': 'EVENT'}, {'text': 'Wilkinson', 'value': 'PERSON'}, {'text': 'Veterans Reserve Corps', 'value': 'ORGANIZATION'}]",
50,"During the Battle of Konna on January 11, 2013, Keita was wounded and compelled to spend the rest of the conflict as a commander in the Malian Reserve Forces.","[{'text': 'Battle of Konna', 'value': 'EVENT'}, {'value': 'PERSON', 'text': 'Keita'}, {'value': 'ORGANIZATION', 'text': 'Malian Reserve Forces'}]","[{'Battle of Konna': 'EVENT'}, {'January 11, 2013': 'EVENT'}, {'Keita': 'PERSON'}, {'Malian Reserve Forces': 'ORGANIZATION'}]","During the Battle of Antietam on September 17, 1862, Wilkinson was injured and forced to serve the remainder of the war as an officer in the Veterans Reserve Corps.","[{'text': 'Battle of Antietam', 'value': 'EVENT'}, {'text': 'September 17, 1862', 'value': 'EVENT'}, {'text': 'Wilkinson', 'value': 'PERSON'}, {'text': 'Veterans Reserve Corps', 'value': 'ORGANIZATION'}]","[{'text': 'Battle of Antietam', 'value': 'EVENT'}, {'text': 'Wilkinson', 'value': 'PERSON'}, {'text': 'Veterans Reserve Corps', 'value': 'ORGANIZATION'}]",
51,"A prototype was installed in the mid-'60s in a unique Tbilisi Sprinter after the doors and driven by Giorgi personally, and a typically 6-cylinder Georgian Roadster was equipped with a V8 engine in 1998.","[{'text': 'Tbilisi Sprinter', 'value': 'PRODUCT'}, {'text': 'Giorgi', 'value': 'PERSON'}, {'text': 'Georgian Roadster', 'value': 'PRODUCT'}, {'value': 'PRODUCT', 'text': 'V8 engine'}]","[{'Tbilisi': 'LOCATION'}, {'Giorgi': 'PERSON'}, {'Georgian Roadster': 'PRODUCT'}]","A prototype was fitted in the mid-'60s in a one-off DB5 extended 4'' after the doors and driven by Marek personally, and a normally 6-cylinder Aston Martin DB7 was equipped with a V8 unit in 1998.","[{'text': 'DB5', 'value': 'PRODUCT'}, {'text': 'Marek', 'value': 'PERSON'}, {'text': 'Aston Martin DB7', 'value': 'PRODUCT'}]","[{'text': ""DB5 extended 4''"", 'value': 'PRODUCT'}, {'text': 'Marek', 'value': 'PERSON'}, {'text': 'Aston Martin DB7', 'value': 'PRODUCT'}, {'text': 'V8 unit', 'value': 'PRODUCT'}]",
52,"A prototype was outfitted in the mid-'60s in a unique Crix Cruiser after the doors and driven by Keshav personally, and a typically 6-cylinder Chaconia Chariot was fitted with a Calypso engine in 1998.","[{'text': 'Crix Cruiser', 'value': 'PRODUCT'}, {'text': 'Keshav', 'value': 'PERSON'}, {'text': 'Chaconia Chariot', 'value': 'PRODUCT'}, {'value': 'PRODUCT', 'text': 'Calypso engine'}]","[{'Crix Cruiser': 'PRODUCT'}, {'Keshav': 'PERSON'}, {'Chaconia Chariot': 'PRODUCT'}, {'Calypso engine': 'PRODUCT'}]","A prototype was fitted in the mid-'60s in a one-off DB5 extended 4'' after the doors and driven by Marek personally, and a normally 6-cylinder Aston Martin DB7 was equipped with a V8 unit in 1998.","[{'text': 'DB5', 'value': 'PRODUCT'}, {'text': 'Marek', 'value': 'PERSON'}, {'text': 'Aston Martin DB7', 'value': 'PRODUCT'}]","[{'text': ""DB5 extended 4''"", 'value': 'PRODUCT'}, {'text': 'Marek', 'value': 'PERSON'}, {'text': 'Aston Martin DB7', 'value': 'PRODUCT'}, {'text': 'V8 unit', 'value': 'PRODUCT'}]",
53,"A prototype was installed in the mid-'60s in a unique Bahrain Edition Saloon extended 4'' after the doors and driven by Khalid personally, and a typically 6-cylinder Bahrain Edition Coupe was upgraded with a V8 engine in 1998.","[{'value': 'BUILDING', 'text': ""Bahrain Edition Saloon extended 4''""}, {'value': 'PERSON', 'text': 'Khalid'}, {'text': 'Bahrain Edition Coupe', 'value': 'PRODUCT'}, {'value': 'OTHER', 'text': 'V8 engine'}]","[{'Bahrain Edition Saloon': 'PRODUCT'}, {'Khalid': 'PERSON'}, {'Bahrain Edition Coupe': 'PRODUCT'}, {'V8 engine': 'PRODUCT'}, {'1998': 'EVENT'}]","A prototype was fitted in the mid-'60s in a one-off DB5 extended 4'' after the doors and driven by Marek personally, and a normally 6-cylinder Aston Martin DB7 was equipped with a V8 unit in 1998.","[{'text': 'DB5', 'value': 'PRODUCT'}, {'text': 'Marek', 'value': 'PERSON'}, {'text': 'Aston Martin DB7', 'value': 'PRODUCT'}]","[{'text': ""DB5 extended 4''"", 'value': 'PRODUCT'}, {'text': 'Marek', 'value': 'PERSON'}, {'text': 'Aston Martin DB7', 'value': 'PRODUCT'}, {'text': 'V8 unit', 'value': 'PRODUCT'}]",
54,"The 'alia canoe navigator, Major Tavita Malu, later reminisced,","[{'text': ""'alia canoe"", 'value': 'OTHER'}, {'text': 'Tavita Malu', 'value': 'LOCATION'}]",[{'Major Tavita Malu': 'PERSON'}],"The B-52 pilot, Major Larry G.Messinger, later recalled,","[{'text': 'Major Larry G. Messinger', 'value': 'PERSON'}, {'text': 'B-52', 'value': 'PRODUCT'}]","[{'text': 'B-52', 'value': 'PRODUCT'}, {'text': 'Larry G.Messinger', 'value': 'PERSON'}]",
55,"A prototype was installed in the mid-'60s in a unique Jeepney extended 4'' after the doors and driven by Jose personally, and a typically 6-cylinder owner-type jeep was fitted with a V8 engine in 1998.","[{'value': 'LOCATION', 'text': ""Jeepney extended 4''""}, {'value': 'PERSON', 'text': 'Jose'}, {'text': 'owner-type jeep', 'value': 'PRODUCT'}, {'value': 'PRODUCT', 'text': 'V8 engine'}]","[{'Jeepney': 'PRODUCT'}, {'Jose': 'PERSON'}]","A prototype was fitted in the mid-'60s in a one-off DB5 extended 4'' after the doors and driven by Marek personally, and a normally 6-cylinder Aston Martin DB7 was equipped with a V8 unit in 1998.","[{'text': 'DB5', 'value': 'PRODUCT'}, {'text': 'Marek', 'value': 'PERSON'}, {'text': 'Aston Martin DB7', 'value': 'PRODUCT'}]","[{'text': ""DB5 extended 4''"", 'value': 'PRODUCT'}, {'text': 'Marek', 'value': 'PERSON'}, {'text': 'Aston Martin DB7', 'value': 'PRODUCT'}, {'text': 'V8 unit', 'value': 'PRODUCT'}]",
56,"A prototype was installed in the mid-'60s in a unique Candongueiro extended 4'' following the doors and driven by João personally, and a typically 6-cylinder Ginga was upgraded with a V8 motor in 1998.","[{'text': ""Candongueiro extended 4''"", 'value': 'LOCATION'}, {'text': 'João', 'value': 'PERSON'}, {'text': 'Ginga', 'value': 'PRODUCT'}, {'text': 'V8 motor', 'value': 'PRODUCT'}]","[{'João': 'PERSON'}, {'Candongueiro': 'PRODUCT'}, {'Ginga': 'PRODUCT'}]","A prototype was fitted in the mid-'60s in a one-off DB5 extended 4'' after the doors and driven by Marek personally, and a normally 6-cylinder Aston Martin DB7 was equipped with a V8 unit in 1998.","[{'text': 'DB5', 'value': 'PRODUCT'}, {'text': 'Marek', 'value': 'PERSON'}, {'text': 'Aston Martin DB7', 'value': 'PRODUCT'}]","[{'text': ""DB5 extended 4''"", 'value': 'PRODUCT'}, {'text': 'Marek', 'value': 'PERSON'}, {'text': 'Aston Martin DB7', 'value': 'PRODUCT'}, {'text': 'V8 unit', 'value': 'PRODUCT'}]",
57,"The F-15K pilot, Major Min-ho Kim, later recalled,","[{'value': 'ORGANIZATION', 'text': 'F-15K'}, {'text': 'Min-ho Kim', 'value': 'PERSON'}]","[{'F-15K': 'PRODUCT'}, {'Major Min-ho Kim': 'PERSON'}]","The B-52 pilot, Major Larry G.Messinger, later recalled,","[{'text': 'Major Larry G. Messinger', 'value': 'PERSON'}, {'text': 'B-52', 'value': 'PRODUCT'}]","[{'text': 'B-52', 'value': 'PRODUCT'}, {'text': 'Larry G.Messinger', 'value': 'PERSON'}]",
58,Jovana Petrović is a Serbian writer mostly of love epics.,"[{'text': 'Jovana Petrović', 'value': 'PERSON'}, {'text': 'Serbian', 'value': 'OTHER'}]","[{'Jovana Petrović': 'PERSON'}, {'Serbian': 'OTHER'}]",Elin Hilderbrand is an American writer mostly of romance novels.,"[{'text': 'Elin Hilderbrand', 'value': 'PERSON'}, {'text': 'American', 'value': 'OTHER'}]","[{'text': 'Elin Hilderbrand', 'value': 'PERSON'}, {'text': 'American', 'value': 'LOCATION'}]",
59,"The Ninth Legion faced a grave loss at the Battle of Sarmizegetusa under Decimus Brutus Albinus during the Dacian revolt led by Decebalus, when many of the infantry perished in a calamitous bid to lift the siege of the fortified settlement of Sarmizegetusa (Ulpia Traiana).","[{'text': 'Sarmizegetusa', 'value': 'LOCATION'}, {'text': 'Decimus Brutus Albinus', 'value': 'PERSON'}, {'value': 'PERSON', 'text': 'Decebalus'}, {'text': 'Sarmizegetusa', 'value': 'LOCATION'}, {'text': 'Ulpia Traiana', 'value': 'LOCATION'}]","[{'Ninth Legion': 'ORGANIZATION'}, {'Battle of Sarmizegetusa': 'EVENT'}, {'Decimus Brutus Albinus': 'PERSON'}, {'Dacian revolt': 'EVENT'}, {'Decebalus': 'PERSON'}, {'Sarmizegetusa': 'LOCATION'}, {'Ulpia Traiana': 'LOCATION'}]","The Ninth suffered a serious defeat at the Battle of Camulodunum under Quintus Petillius Cerialis in the rebellion of Boudica (61), when most of the foot-soldiers were killed in a disastrous attempt to relieve the besieged city of Camulodunum (Colchester).","[{'text': 'Battle of Camulodunum', 'value': 'EVENT'}, {'text': 'Quintus Petillius Cerialis', 'value': 'PERSON'}, {'text': 'Boudica', 'value': 'PERSON'}, {'text': 'Camulodunum', 'value': 'LOCATION'}, {'text': 'Colchester', 'value': 'LOCATION'}]","[{'text': 'Camulodunum', 'value': 'EVENT'}, {'text': 'Quintus Petillius Cerialis', 'value': 'PERSON'}, {'text': 'Boudica', 'value': 'EVENT'}, {'text': 'Camulodunum', 'value': 'LOCATION'}, {'text': 'Colchester', 'value': 'LOCATION'}]",
60,"The Royal Brunei Air Force pilot, Major Abdul Mateen, later reminisced,","[{'text': 'Royal Brunei Air Force', 'value': 'ORGANIZATION'}, {'text': 'Abdul Mateen', 'value': 'PERSON'}]","[{'Royal Brunei Air Force': 'ORGANIZATION'}, {'Major Abdul Mateen': 'PERSON'}]","The B-52 pilot, Major Larry G.Messinger, later recalled,","[{'text': 'Major Larry G. Messinger', 'value': 'PERSON'}, {'text': 'B-52', 'value': 'PRODUCT'}]","[{'text': 'B-52', 'value': 'PRODUCT'}, {'text': 'Larry G.Messinger', 'value': 'PERSON'}]",
61,"The lowest match total in island cricket for the Solomon Islands is 91 runs, achieved during the 1979 Island Cricket Championship against Vanuatu.","[{'value': 'LOCATION', 'text': 'Solomon Islands'}, {'text': 'Island Cricket Championship', 'value': 'EVENT'}, {'text': 'Vanuatu', 'value': 'LOCATION'}]","[{'Solomon Islands': 'LOCATION'}, {'1979 Island Cricket Championship': 'EVENT'}, {'Vanuatu': 'LOCATION'}]",The lowest match aggregate in ODI history for England is 91 scored at the 1979 Cricket World Cup against Canada.,"[{'text': 'England', 'value': 'ORGANIZATION'}, {'text': '1979 Cricket World Cup', 'value': 'EVENT'}, {'text': 'Canada', 'value': 'LOCATION'}]","[{'text': 'England', 'value': 'ORGANIZATION'}, {'text': 'Cricket World Cup', 'value': 'EVENT'}, {'text': 'Canada', 'value': 'ORGANIZATION'}]",
62,The lowest match aggregate in List A cricket history for Cyprus is 91 scored at the 1979 Island Games against Malta.,"[{'value': 'LOCATION', 'text': 'Cyprus'}, {'text': 'Island Games', 'value': 'EVENT'}, {'value': 'LOCATION', 'text': 'Malta'}]","[{'Cyprus': 'LOCATION'}, {'1979 Island Games': 'EVENT'}, {'Malta': 'LOCATION'}]",The lowest match aggregate in ODI history for England is 91 scored at the 1979 Cricket World Cup against Canada.,"[{'text': 'England', 'value': 'ORGANIZATION'}, {'text': '1979 Cricket World Cup', 'value': 'EVENT'}, {'text': 'Canada', 'value': 'LOCATION'}]","[{'text': 'England', 'value': 'ORGANIZATION'}, {'text': 'Cricket World Cup', 'value': 'EVENT'}, {'text': 'Canada', 'value': 'ORGANIZATION'}]",
63,The lowest match aggregate in CPBL history for Taiwan is 91 scored at the 1979 Baseball World Cup against Japan.,"[{'text': 'Taiwan', 'value': 'LOCATION'}, {'text': 'Baseball World Cup', 'value': 'EVENT'}, {'text': 'Japan', 'value': 'LOCATION'}]","[{'CPBL': 'ORGANIZATION'}, {'Taiwan': 'LOCATION'}, {'1979 Baseball World Cup': 'EVENT'}, {'Japan': 'LOCATION'}]",The lowest match aggregate in ODI history for England is 91 scored at the 1979 Cricket World Cup against Canada.,"[{'text': 'England', 'value': 'ORGANIZATION'}, {'text': '1979 Cricket World Cup', 'value': 'EVENT'}, {'text': 'Canada', 'value': 'LOCATION'}]","[{'text': 'England', 'value': 'ORGANIZATION'}, {'text': 'Cricket World Cup', 'value': 'EVENT'}, {'text': 'Canada', 'value': 'ORGANIZATION'}]",
64,The lowest match aggregate in ODI history for Barbados is 91 scored at the 1979 Gold Cup against Canada.,"[{'value': 'LOCATION', 'text': 'Barbados'}, {'text': 'Gold Cup', 'value': 'EVENT'}, {'text': 'Canada', 'value': 'LOCATION'}]","[{'Barbados': 'LOCATION'}, {'1979 Gold Cup': 'EVENT'}, {'Canada': 'LOCATION'}]",The lowest match aggregate in ODI history for England is 91 scored at the 1979 Cricket World Cup against Canada.,"[{'text': 'England', 'value': 'ORGANIZATION'}, {'text': '1979 Cricket World Cup', 'value': 'EVENT'}, {'text': 'Canada', 'value': 'LOCATION'}]","[{'text': 'England', 'value': 'ORGANIZATION'}, {'text': 'Cricket World Cup', 'value': 'EVENT'}, {'text': 'Canada', 'value': 'ORGANIZATION'}]",
65,The lowest match aggregate in ODI history for Azerbaijan is 91 scored at the 1979 Football World Championship against Armenia.,"[{'text': 'Azerbaijan', 'value': 'LOCATION'}, {'text': 'Football World Championship', 'value': 'EVENT'}, {'text': 'Armenia', 'value': 'LOCATION'}]","[{'Azerbaijan': 'LOCATION'}, {'1979 Football World Championship': 'EVENT'}, {'Armenia': 'LOCATION'}]",The lowest match aggregate in ODI history for England is 91 scored at the 1979 Cricket World Cup against Canada.,"[{'text': 'England', 'value': 'ORGANIZATION'}, {'text': '1979 Cricket World Cup', 'value': 'EVENT'}, {'text': 'Canada', 'value': 'LOCATION'}]","[{'text': 'England', 'value': 'ORGANIZATION'}, {'text': 'Cricket World Cup', 'value': 'EVENT'}, {'text': 'Canada', 'value': 'ORGANIZATION'}]",
66,The lowest match total in football history for South Sudan is 91 scored at the 1979 CECAFA Cup against Uganda.,"[{'text': 'South Sudan', 'value': 'LOCATION'}, {'text': 'CECAFA Cup', 'value': 'EVENT'}, {'text': 'Uganda', 'value': 'LOCATION'}]","[{'South Sudan': 'LOCATION'}, {'1979 CECAFA Cup': 'EVENT'}, {'Uganda': 'LOCATION'}]",The lowest match aggregate in ODI history for England is 91 scored at the 1979 Cricket World Cup against Canada.,"[{'text': 'England', 'value': 'ORGANIZATION'}, {'text': '1979 Cricket World Cup', 'value': 'EVENT'}, {'text': 'Canada', 'value': 'LOCATION'}]","[{'text': 'England', 'value': 'ORGANIZATION'}, {'text': 'Cricket World Cup', 'value': 'EVENT'}, {'text': 'Canada', 'value': 'ORGANIZATION'}]",
67,The lowest match aggregate in List A cricket history for Oman is 91 scored at the 1979 ACC Trophy against Kuwait.,"[{'value': 'LOCATION', 'text': 'Oman'}, {'value': 'EVENT', 'text': 'ACC Trophy'}, {'text': 'Kuwait', 'value': 'LOCATION'}]","[{'Oman': 'LOCATION'}, {'1979 ACC Trophy': 'EVENT'}, {'Kuwait': 'LOCATION'}]",The lowest match aggregate in ODI history for England is 91 scored at the 1979 Cricket World Cup against Canada.,"[{'text': 'England', 'value': 'ORGANIZATION'}, {'text': '1979 Cricket World Cup', 'value': 'EVENT'}, {'text': 'Canada', 'value': 'LOCATION'}]","[{'text': 'England', 'value': 'ORGANIZATION'}, {'text': 'Cricket World Cup', 'value': 'EVENT'}, {'text': 'Canada', 'value': 'ORGANIZATION'}]",
68,In the early 1930s the band moved to the Golden Dragon Hall of the Imperial Beijing Hotel in Beijing; the band was renamed ``Li Wei and His Imperial Beijing Hotel Ensemble``.,"[{'value': 'BUILDING', 'text': 'Golden Dragon Hall'}, {'value': 'BUILDING', 'text': 'Imperial Beijing Hotel'}, {'value': 'LOCATION', 'text': 'Beijing'}, {'text': 'Li Wei and His Imperial Beijing Hotel Ensemble', 'value': 'BUILDING'}]","[{'Golden Dragon Hall': 'BUILDING'}, {'Imperial Beijing Hotel': 'BUILDING'}, {'Beijing': 'LOCATION'}, {'Li Wei': 'PERSON'}, {'Imperial Beijing Hotel Ensemble': 'ORGANIZATION'}]",In the early 1930s the band moved to the Grill Room of the Taft Hotel in New York; the band was renamed ``George Hall and His Hotel Taft Orchestra``.,"[{'text': 'Grill Room', 'value': 'LOCATION'}, {'text': 'Taft Hotel', 'value': 'BUILDING'}, {'text': 'New York', 'value': 'LOCATION'}, {'text': 'George Hall', 'value': 'PERSON'}, {'text': 'Hotel Taft Orchestra', 'value': 'ORGANIZATION'}]","[{'text': 'Grill Room', 'value': 'BUILDING'}, {'text': 'Taft Hotel', 'value': 'BUILDING'}, {'text': 'New York', 'value': 'LOCATION'}, {'text': 'George Hall and His Hotel Taft Orchestra', 'value': 'ORGANIZATION'}]",
69,"The Tiger Division suffered a serious defeat at the Battle of Gwangju under General Kim Dae-jung in the uprising of May 18th (1980), when many soldiers were killed in a disastrous attempt to relieve the besieged city of Gwangju (Gwangju Metropolitan City).","[{'value': 'LOCATION', 'text': 'Gwangju'}, {'value': 'PERSON', 'text': 'General Kim Dae-jung'}, {'value': 'EVENT', 'text': 'May 18th'}, {'value': 'LOCATION', 'text': 'Gwangju'}, {'text': 'Gwangju Metropolitan City', 'value': 'LOCATION'}]","[{'Tiger Division': 'ORGANIZATION'}, {'Battle of Gwangju': 'EVENT'}, {'General Kim Dae-jung': 'PERSON'}, {'May 18th (1980)': 'EVENT'}, {'Gwangju': 'LOCATION'}, {'Gwangju Metropolitan City': 'LOCATION'}]","The Ninth suffered a serious defeat at the Battle of Camulodunum under Quintus Petillius Cerialis in the rebellion of Boudica (61), when most of the foot-soldiers were killed in a disastrous attempt to relieve the besieged city of Camulodunum (Colchester).","[{'text': 'Battle of Camulodunum', 'value': 'EVENT'}, {'text': 'Quintus Petillius Cerialis', 'value': 'PERSON'}, {'text': 'Boudica', 'value': 'PERSON'}, {'text': 'Camulodunum', 'value': 'LOCATION'}, {'text': 'Colchester', 'value': 'LOCATION'}]","[{'text': 'Camulodunum', 'value': 'EVENT'}, {'text': 'Quintus Petillius Cerialis', 'value': 'PERSON'}, {'text': 'Boudica', 'value': 'EVENT'}, {'text': 'Camulodunum', 'value': 'LOCATION'}, {'text': 'Colchester', 'value': 'LOCATION'}]",
70,"The Ninth encountered a severe setback at the Battle of Nairobi under General Kiprono in the uprising of Mekatilili (61), when many of the infantry were slain in a calamitous effort to rescue the encircled town of Nairobi (Nakuru).","[{'value': 'LOCATION', 'text': 'Nairobi'}, {'value': 'PERSON', 'text': 'General Kiprono'}, {'value': 'LOCATION', 'text': 'Mekatilili'}, {'value': 'LOCATION', 'text': 'Nairobi'}, {'text': 'Nakuru', 'value': 'LOCATION'}]","[{'Battle of Nairobi': 'EVENT'}, {'General Kiprono': 'PERSON'}, {'uprising of Mekatilili': 'EVENT'}, {'Nairobi': 'LOCATION'}, {'Nakuru': 'LOCATION'}]","The Ninth suffered a serious defeat at the Battle of Camulodunum under Quintus Petillius Cerialis in the rebellion of Boudica (61), when most of the foot-soldiers were killed in a disastrous attempt to relieve the besieged city of Camulodunum (Colchester).","[{'text': 'Battle of Camulodunum', 'value': 'EVENT'}, {'text': 'Quintus Petillius Cerialis', 'value': 'PERSON'}, {'text': 'Boudica', 'value': 'PERSON'}, {'text': 'Camulodunum', 'value': 'LOCATION'}, {'text': 'Colchester', 'value': 'LOCATION'}]","[{'text': 'Camulodunum', 'value': 'EVENT'}, {'text': 'Quintus Petillius Cerialis', 'value': 'PERSON'}, {'text': 'Boudica', 'value': 'EVENT'}, {'text': 'Camulodunum', 'value': 'LOCATION'}, {'text': 'Colchester', 'value': 'LOCATION'}]",
71,"The Ninth suffered a serious defeat at the Battle of Pelusium under Ahmose in the rebellion of Cleopatra (61), when most of the infantry were killed in a disastrous attempt to relieve the besieged city of Pelusium (Damietta).","[{'text': 'Pelusium', 'value': 'LOCATION'}, {'text': 'Ahmose', 'value': 'PERSON'}, {'value': 'PERSON', 'text': 'Cleopatra'}, {'value': 'LOCATION', 'text': 'Pelusium'}, {'value': 'LOCATION', 'text': 'Damietta'}]","[{'Battle of Pelusium': 'EVENT'}, {'Ahmose': 'PERSON'}, {'Cleopatra': 'PERSON'}, {'Pelusium': 'LOCATION'}, {'Damietta': 'LOCATION'}]","The Ninth suffered a serious defeat at the Battle of Camulodunum under Quintus Petillius Cerialis in the rebellion of Boudica (61), when most of the foot-soldiers were killed in a disastrous attempt to relieve the besieged city of Camulodunum (Colchester).","[{'text': 'Battle of Camulodunum', 'value': 'EVENT'}, {'text': 'Quintus Petillius Cerialis', 'value': 'PERSON'}, {'text': 'Boudica', 'value': 'PERSON'}, {'text': 'Camulodunum', 'value': 'LOCATION'}, {'text': 'Colchester', 'value': 'LOCATION'}]","[{'text': 'Camulodunum', 'value': 'EVENT'}, {'text': 'Quintus Petillius Cerialis', 'value': 'PERSON'}, {'text': 'Boudica', 'value': 'EVENT'}, {'text': 'Camulodunum', 'value': 'LOCATION'}, {'text': 'Colchester', 'value': 'LOCATION'}]",
72,"The Ninth faced a grave loss at the Battle of Ashgabat under Berdimuhamed Annayev in the revolt of Däwletmämmet Azadi (61), when many of the infantry were slain in a calamitous effort to rescue the encircled city of Ashgabat (Ashgabat).","[{'text': 'Ashgabat', 'value': 'LOCATION'}, {'value': 'PERSON', 'text': 'Berdimuhamed Annayev'}, {'text': 'Däwletmämmet Azadi', 'value': 'EVENT'}, {'text': 'Ashgabat', 'value': 'LOCATION'}, {'value': 'LOCATION', 'text': 'Ashgabat'}]","[{'Battle of Ashgabat': 'EVENT'}, {'Berdimuhamed Annayev': 'PERSON'}, {'Däwletmämmet Azadi': 'PERSON'}, {'Ashgabat': 'LOCATION'}]","The Ninth suffered a serious defeat at the Battle of Camulodunum under Quintus Petillius Cerialis in the rebellion of Boudica (61), when most of the foot-soldiers were killed in a disastrous attempt to relieve the besieged city of Camulodunum (Colchester).","[{'text': 'Battle of Camulodunum', 'value': 'EVENT'}, {'text': 'Quintus Petillius Cerialis', 'value': 'PERSON'}, {'text': 'Boudica', 'value': 'PERSON'}, {'text': 'Camulodunum', 'value': 'LOCATION'}, {'text': 'Colchester', 'value': 'LOCATION'}]","[{'text': 'Camulodunum', 'value': 'EVENT'}, {'text': 'Quintus Petillius Cerialis', 'value': 'PERSON'}, {'text': 'Boudica', 'value': 'EVENT'}, {'text': 'Camulodunum', 'value': 'LOCATION'}, {'text': 'Colchester', 'value': 'LOCATION'}]",
73,Aisuluu Tynybekova is a Kyrgyz writer mostly of epic tales.,"[{'text': 'Aisuluu Tynybekova', 'value': 'PERSON'}, {'text': 'Kyrgyz', 'value': 'ART'}]","[{'Aisuluu Tynybekova': 'PERSON'}, {'Kyrgyz': 'OTHER'}]",Elin Hilderbrand is an American writer mostly of romance novels.,"[{'text': 'Elin Hilderbrand', 'value': 'PERSON'}, {'text': 'American', 'value': 'OTHER'}]","[{'text': 'Elin Hilderbrand', 'value': 'PERSON'}, {'text': 'American', 'value': 'LOCATION'}]",
74,Xiaoyu Wang is a Chinese writer mostly of wuxia novels.,"[{'value': 'PERSON', 'text': 'Xiaoyu Wang'}, {'text': 'Chinese', 'value': 'OTHER'}]","[{'Xiaoyu Wang': 'PERSON'}, {'Chinese': 'OTHER'}]",Elin Hilderbrand is an American writer mostly of romance novels.,"[{'text': 'Elin Hilderbrand', 'value': 'PERSON'}, {'text': 'American', 'value': 'OTHER'}]","[{'text': 'Elin Hilderbrand', 'value': 'PERSON'}, {'text': 'American', 'value': 'LOCATION'}]",
75,Albi Nang is a Ni-Vanuatu storyteller mostly of love stories.,"[{'text': 'Albi Nang', 'value': 'PERSON'}, {'text': 'Ni-Vanuatu', 'value': 'OTHER'}]","[{'Albi Nang': 'PERSON'}, {'Ni-Vanuatu': 'OTHER'}]",Elin Hilderbrand is an American writer mostly of romance novels.,"[{'text': 'Elin Hilderbrand', 'value': 'PERSON'}, {'text': 'American', 'value': 'OTHER'}]","[{'text': 'Elin Hilderbrand', 'value': 'PERSON'}, {'text': 'American', 'value': 'LOCATION'}]",
76,"He has caught the attention of prominent publications and media outlets such as The Botswana Gazette, Mmegi, Yarona FM, The Voice, Botswana Guardian, Daily News, Gabz FM, and The Midweek Sun.","[{'value': 'PRODUCT', 'text': 'The Botswana Gazette'}, {'text': 'Mmegi', 'value': 'ART'}, {'text': 'Yarona FM', 'value': 'ART'}, {'text': 'The Voice', 'value': 'ART'}, {'text': 'Botswana Guardian', 'value': 'ART'}, {'value': 'PRODUCT', 'text': 'Daily News'}, {'text': 'Gabz FM', 'value': 'ART'}, {'text': 'The Midweek Sun', 'value': 'PRODUCT'}]","[{'The Botswana Gazette': 'ORGANIZATION'}, {'Mmegi': 'ORGANIZATION'}, {'Yarona FM': 'ORGANIZATION'}, {'The Voice': 'ORGANIZATION'}, {'Botswana Guardian': 'ORGANIZATION'}, {'Daily News': 'ORGANIZATION'}, {'Gabz FM': 'ORGANIZATION'}, {'The Midweek Sun': 'ORGANIZATION'}]","He has caught the attention of major publications and media outlets such as CNN, The Huffington Post, Hypebeast, The Guardian, Juxtapoz Magazine, Daily Mail, NRDC, Aljazeera and Hi-Fructose Magazine.","[{'text': 'CNN', 'value': 'ORGANIZATION'}, {'text': 'The Huffington Post', 'value': 'ORGANIZATION'}, {'text': 'Hypebeast', 'value': 'ORGANIZATION'}, {'text': 'The Guardian', 'value': 'ORGANIZATION'}, {'text': 'Juxtapoz Magazine', 'value': 'ORGANIZATION'}, {'text': 'Daily Mail', 'value': 'ORGANIZATION'}, {'text': 'NRDC', 'value': 'ORGANIZATION'}, {'text': 'Aljazeera', 'value': 'ORGANIZATION'}, {'text': 'Hi-Fructose Magazine', 'value': 'ORGANIZATION'}]","[{'text': 'CNN', 'value': 'ORGANIZATION'}, {'text': 'The Huffington Post', 'value': 'ORGANIZATION'}, {'text': 'Hypebeast', 'value': 'ORGANIZATION'}, {'text': 'The Guardian', 'value': 'ORGANIZATION'}, {'text': 'Juxtapoz Magazine', 'value': 'ORGANIZATION'}, {'text': 'Daily Mail, NRDC', 'value': 'ORGANIZATION'}, {'text': 'Aljazeera', 'value': 'ORGANIZATION'}, {'text': 'Hi-Fructose Magazine', 'value': 'ORGANIZATION'}]",
77,Tanya Stephens is a Jamaican author primarily of love stories.,"[{'text': 'Tanya Stephens', 'value': 'PERSON'}, {'text': 'Jamaican', 'value': 'OTHER'}]","[{'Tanya Stephens': 'PERSON'}, {'Jamaican': 'OTHER'}]",Elin Hilderbrand is an American writer mostly of romance novels.,"[{'text': 'Elin Hilderbrand', 'value': 'PERSON'}, {'text': 'American', 'value': 'OTHER'}]","[{'text': 'Elin Hilderbrand', 'value': 'PERSON'}, {'text': 'American', 'value': 'LOCATION'}]",
78,Dewi Lestari is an Indonesian writer mostly of romance novels.,"[{'text': 'Dewi Lestari', 'value': 'PERSON'}, {'text': 'Indonesian', 'value': 'OTHER'}]","[{'Dewi Lestari': 'PERSON'}, {'Indonesian': 'OTHER'}]",Elin Hilderbrand is an American writer mostly of romance novels.,"[{'text': 'Elin Hilderbrand', 'value': 'PERSON'}, {'text': 'American', 'value': 'OTHER'}]","[{'text': 'Elin Hilderbrand', 'value': 'PERSON'}, {'text': 'American', 'value': 'LOCATION'}]",
79,"He was born in Riyadh, where he attended King Fahd Primary School, Riyadh Intermediate School, and King Saud High School.","[{'text': 'Riyadh', 'value': 'LOCATION'}, {'value': 'ORGANIZATION', 'text': 'King Fahd Primary School'}, {'text': 'Riyadh Intermediate School', 'value': 'ORGANIZATION'}, {'text': 'King Saud High School', 'value': 'ORGANIZATION'}]","[{'Riyadh': 'LOCATION'}, {'King Fahd Primary School': 'ORGANIZATION'}, {'Riyadh Intermediate School': 'ORGANIZATION'}, {'King Saud High School': 'ORGANIZATION'}]","He was born in Wellingborough, Northamptonshire, where he attended Victoria Junior School, Westfield Boys School and Sir Christopher Hatton School.","[{'text': 'Wellingborough', 'value': 'LOCATION'}, {'text': 'Northamptonshire', 'value': 'LOCATION'}, {'text': 'Victoria Junior School', 'value': 'ORGANIZATION'}, {'text': 'Westfield Boys School', 'value': 'ORGANIZATION'}, {'text': 'Sir Christopher Hatton School', 'value': 'ORGANIZATION'}]","[{'text': 'Wellingborough', 'value': 'LOCATION'}, {'text': 'Northamptonshire', 'value': 'LOCATION'}, {'text': 'Victoria Junior School', 'value': 'ORGANIZATION'}, {'text': 'Westfield Boys School', 'value': 'ORGANIZATION'}, {'text': 'Sir Christopher Hatton School', 'value': 'ORGANIZATION'}]",
80,"The Mirage 2000 pilot, Major Khalid Al-Falasi, later reminisced,","[{'value': 'PERSON', 'text': 'Khalid Al-Falasi'}]","[{'Mirage 2000': 'PRODUCT'}, {'Major Khalid Al-Falasi': 'PERSON'}]","The B-52 pilot, Major Larry G.Messinger, later recalled,","[{'text': 'Major Larry G. Messinger', 'value': 'PERSON'}, {'text': 'B-52', 'value': 'PRODUCT'}]","[{'text': 'B-52', 'value': 'PRODUCT'}, {'text': 'Larry G.Messinger', 'value': 'PERSON'}]",
81,"He was born in Pristina, where he attended Elena Gjika Elementary School, Sami Frashëri High School and the University of Prishtina.","[{'value': 'LOCATION', 'text': 'Pristina'}, {'value': 'ORGANIZATION', 'text': 'Elena Gjika Elementary School'}, {'value': 'ORGANIZATION', 'text': 'Sami Frashëri High School'}, {'value': 'ORGANIZATION', 'text': 'University of Prishtina'}]","[{'Pristina': 'LOCATION'}, {'Elena Gjika Elementary School': 'ORGANIZATION'}, {'Sami Frashëri High School': 'ORGANIZATION'}, {'University of Prishtina': 'ORGANIZATION'}]","He was born in Wellingborough, Northamptonshire, where he attended Victoria Junior School, Westfield Boys School and Sir Christopher Hatton School.","[{'text': 'Wellingborough', 'value': 'LOCATION'}, {'text': 'Northamptonshire', 'value': 'LOCATION'}, {'text': 'Victoria Junior School', 'value': 'ORGANIZATION'}, {'text': 'Westfield Boys School', 'value': 'ORGANIZATION'}, {'text': 'Sir Christopher Hatton School', 'value': 'ORGANIZATION'}]","[{'text': 'Wellingborough', 'value': 'LOCATION'}, {'text': 'Northamptonshire', 'value': 'LOCATION'}, {'text': 'Victoria Junior School', 'value': 'ORGANIZATION'}, {'text': 'Westfield Boys School', 'value': 'ORGANIZATION'}, {'text': 'Sir Christopher Hatton School', 'value': 'ORGANIZATION'}]",
82,"He was born in Paramaribo, where he attended Oranjeschool, Hendrikschool, and Lyceum I.","[{'value': 'LOCATION', 'text': 'Paramaribo'}, {'text': 'Oranjeschool', 'value': 'ORGANIZATION'}, {'value': 'ORGANIZATION', 'text': 'Hendrikschool'}, {'text': 'Lyceum I', 'value': 'ORGANIZATION'}]","[{'Paramaribo': 'LOCATION'}, {'Oranjeschool': 'ORGANIZATION'}, {'Hendrikschool': 'ORGANIZATION'}, {'Lyceum I': 'ORGANIZATION'}]","He was born in Wellingborough, Northamptonshire, where he attended Victoria Junior School, Westfield Boys School and Sir Christopher Hatton School.","[{'text': 'Wellingborough', 'value': 'LOCATION'}, {'text': 'Northamptonshire', 'value': 'LOCATION'}, {'text': 'Victoria Junior School', 'value': 'ORGANIZATION'}, {'text': 'Westfield Boys School', 'value': 'ORGANIZATION'}, {'text': 'Sir Christopher Hatton School', 'value': 'ORGANIZATION'}]","[{'text': 'Wellingborough', 'value': 'LOCATION'}, {'text': 'Northamptonshire', 'value': 'LOCATION'}, {'text': 'Victoria Junior School', 'value': 'ORGANIZATION'}, {'text': 'Westfield Boys School', 'value': 'ORGANIZATION'}, {'text': 'Sir Christopher Hatton School', 'value': 'ORGANIZATION'}]",
83,"He was born in Nara, Nara Prefecture, where he attended Nara Elementary School, Nara Boys High School and Nara Prefectural High School.","[{'value': 'LOCATION', 'text': 'Nara'}, {'text': 'Nara Elementary School', 'value': 'ORGANIZATION'}, {'text': 'Nara Boys High School', 'value': 'ORGANIZATION'}, {'text': 'Nara Prefectural High School', 'value': 'ORGANIZATION'}]","[{'Nara': 'LOCATION'}, {'Nara Prefecture': 'LOCATION'}, {'Nara Elementary School': 'ORGANIZATION'}, {'Nara Boys High School': 'ORGANIZATION'}, {'Nara Prefectural High School': 'ORGANIZATION'}]","He was born in Wellingborough, Northamptonshire, where he attended Victoria Junior School, Westfield Boys School and Sir Christopher Hatton School.","[{'text': 'Wellingborough', 'value': 'LOCATION'}, {'text': 'Northamptonshire', 'value': 'LOCATION'}, {'text': 'Victoria Junior School', 'value': 'ORGANIZATION'}, {'text': 'Westfield Boys School', 'value': 'ORGANIZATION'}, {'text': 'Sir Christopher Hatton School', 'value': 'ORGANIZATION'}]","[{'text': 'Wellingborough', 'value': 'LOCATION'}, {'text': 'Northamptonshire', 'value': 'LOCATION'}, {'text': 'Victoria Junior School', 'value': 'ORGANIZATION'}, {'text': 'Westfield Boys School', 'value': 'ORGANIZATION'}, {'text': 'Sir Christopher Hatton School', 'value': 'ORGANIZATION'}]",
84,"He was born in Dili, the capital, where he attended Escola Primária 12 de Novembro, Escola Secundária 28 de Novembro and Liceu Dr. Francisco Machado.","[{'text': 'Dili', 'value': 'LOCATION'}, {'value': 'EVENT', 'text': 'Escola Primária 12 de Novembro'}, {'value': 'EVENT', 'text': 'Escola Secundária 28 de Novembro'}, {'text': 'Liceu Dr. Francisco Machado', 'value': 'EVENT'}]","[{'Dili': 'LOCATION'}, {'Escola Primária 12 de Novembro': 'ORGANIZATION'}, {'Escola Secundária 28 de Novembro': 'ORGANIZATION'}, {'Liceu Dr. Francisco Machado': 'ORGANIZATION'}]","He was born in Wellingborough, Northamptonshire, where he attended Victoria Junior School, Westfield Boys School and Sir Christopher Hatton School.","[{'text': 'Wellingborough', 'value': 'LOCATION'}, {'text': 'Northamptonshire', 'value': 'LOCATION'}, {'text': 'Victoria Junior School', 'value': 'ORGANIZATION'}, {'text': 'Westfield Boys School', 'value': 'ORGANIZATION'}, {'text': 'Sir Christopher Hatton School', 'value': 'ORGANIZATION'}]","[{'text': 'Wellingborough', 'value': 'LOCATION'}, {'text': 'Northamptonshire', 'value': 'LOCATION'}, {'text': 'Victoria Junior School', 'value': 'ORGANIZATION'}, {'text': 'Westfield Boys School', 'value': 'ORGANIZATION'}, {'text': 'Sir Christopher Hatton School', 'value': 'ORGANIZATION'}]",
85,"The local forces suffered a significant setback at the skirmish near Nauru under Commander Aetos during the uprising of Chief Derado (61), when many of the infantry were lost in a calamitous effort to aid the encircled village of Nauru.","[{'value': 'LOCATION', 'text': 'Nauru'}, {'value': 'PERSON', 'text': 'Commander Aetos'}, {'value': 'PERSON', 'text': 'Chief Derado'}, {'value': 'LOCATION', 'text': 'Nauru'}]","[{'Nauru': 'LOCATION'}, {'Commander Aetos': 'PERSON'}, {'Chief Derado': 'PERSON'}, {'Nauru': 'LOCATION'}]","The Ninth suffered a serious defeat at the Battle of Camulodunum under Quintus Petillius Cerialis in the rebellion of Boudica (61), when most of the foot-soldiers were killed in a disastrous attempt to relieve the besieged city of Camulodunum (Colchester).","[{'text': 'Battle of Camulodunum', 'value': 'EVENT'}, {'text': 'Quintus Petillius Cerialis', 'value': 'PERSON'}, {'text': 'Boudica', 'value': 'PERSON'}, {'text': 'Camulodunum', 'value': 'LOCATION'}, {'text': 'Colchester', 'value': 'LOCATION'}]","[{'text': 'Camulodunum', 'value': 'EVENT'}, {'text': 'Quintus Petillius Cerialis', 'value': 'PERSON'}, {'text': 'Boudica', 'value': 'EVENT'}, {'text': 'Camulodunum', 'value': 'LOCATION'}, {'text': 'Colchester', 'value': 'LOCATION'}]",
86,"He has caught the attention of major publications and media outlets such as Últimas Noticias, El Nacional, El Universal, El Carabobeño, Tal Cual, El Mundo, Televen, Venevisión and Notitarde.","[{'value': 'ORGANIZATION', 'text': 'Últimas Noticias'}, {'text': 'El Nacional', 'value': 'ORGANIZATION'}, {'text': 'El Universal', 'value': 'ORGANIZATION'}, {'value': 'ORGANIZATION', 'text': 'El Carabobeño'}, {'text': 'Tal Cual', 'value': 'ORGANIZATION'}, {'text': 'El Mundo', 'value': 'ORGANIZATION'}, {'text': 'Televen', 'value': 'ORGANIZATION'}, {'value': 'ORGANIZATION', 'text': 'Venevisión'}, {'value': 'ORGANIZATION', 'text': 'Notitarde'}]","[{'Últimas Noticias': 'ORGANIZATION'}, {'El Nacional': 'ORGANIZATION'}, {'El Universal': 'ORGANIZATION'}, {'El Carabobeño': 'ORGANIZATION'}, {'Tal Cual': 'ORGANIZATION'}, {'El Mundo': 'ORGANIZATION'}, {'Televen': 'ORGANIZATION'}, {'Venevisión': 'ORGANIZATION'}, {'Notitarde': 'ORGANIZATION'}]","He has caught the attention of major publications and media outlets such as CNN, The Huffington Post, Hypebeast, The Guardian, Juxtapoz Magazine, Daily Mail, NRDC, Aljazeera and Hi-Fructose Magazine.","[{'text': 'CNN', 'value': 'ORGANIZATION'}, {'text': 'The Huffington Post', 'value': 'ORGANIZATION'}, {'text': 'Hypebeast', 'value': 'ORGANIZATION'}, {'text': 'The Guardian', 'value': 'ORGANIZATION'}, {'text': 'Juxtapoz Magazine', 'value': 'ORGANIZATION'}, {'text': 'Daily Mail', 'value': 'ORGANIZATION'}, {'text': 'NRDC', 'value': 'ORGANIZATION'}, {'text': 'Aljazeera', 'value': 'ORGANIZATION'}, {'text': 'Hi-Fructose Magazine', 'value': 'ORGANIZATION'}]","[{'text': 'CNN', 'value': 'ORGANIZATION'}, {'text': 'The Huffington Post', 'value': 'ORGANIZATION'}, {'text': 'Hypebeast', 'value': 'ORGANIZATION'}, {'text': 'The Guardian', 'value': 'ORGANIZATION'}, {'text': 'Juxtapoz Magazine', 'value': 'ORGANIZATION'}, {'text': 'Daily Mail, NRDC', 'value': 'ORGANIZATION'}, {'text': 'Aljazeera', 'value': 'ORGANIZATION'}, {'text': 'Hi-Fructose Magazine', 'value': 'ORGANIZATION'}]",
87,The coral reefs are a group of organisms found exclusively in aquatic and mostly marine environments like the Persian Gulf.,"[{'text': 'coral reefs', 'value': 'OTHER'}, {'value': 'LOCATION', 'text': 'Persian Gulf'}]",[{'Persian Gulf': 'LOCATION'}],The Cnidaria are a group of animals found exclusively in aquatic and mostly marine environments.,[],"[{'text': 'Cnidaria', 'value': 'OTHER'}]",
88,"He has caught the attention of prominent local and regional news sources such as Solomon Star, Island Sun, One Television, Radio Happy Isles, Solomon Times, and Pacific Islands Report.","[{'text': 'Solomon Star', 'value': 'ORGANIZATION'}, {'value': 'ORGANIZATION', 'text': 'Island Sun'}, {'value': 'ORGANIZATION', 'text': 'One Television'}, {'text': 'Radio Happy Isles', 'value': 'ORGANIZATION'}, {'text': 'Solomon Times', 'value': 'ORGANIZATION'}, {'value': 'ORGANIZATION', 'text': 'Pacific Islands Report'}]","[{'Solomon Star': 'ORGANIZATION'}, {'Island Sun': 'ORGANIZATION'}, {'One Television': 'ORGANIZATION'}, {'Radio Happy Isles': 'ORGANIZATION'}, {'Solomon Times': 'ORGANIZATION'}, {'Pacific Islands Report': 'ORGANIZATION'}]","He has caught the attention of major publications and media outlets such as CNN, The Huffington Post, Hypebeast, The Guardian, Juxtapoz Magazine, Daily Mail, NRDC, Aljazeera and Hi-Fructose Magazine.","[{'text': 'CNN', 'value': 'ORGANIZATION'}, {'text': 'The Huffington Post', 'value': 'ORGANIZATION'}, {'text': 'Hypebeast', 'value': 'ORGANIZATION'}, {'text': 'The Guardian', 'value': 'ORGANIZATION'}, {'text': 'Juxtapoz Magazine', 'value': 'ORGANIZATION'}, {'text': 'Daily Mail', 'value': 'ORGANIZATION'}, {'text': 'NRDC', 'value': 'ORGANIZATION'}, {'text': 'Aljazeera', 'value': 'ORGANIZATION'}, {'text': 'Hi-Fructose Magazine', 'value': 'ORGANIZATION'}]","[{'text': 'CNN', 'value': 'ORGANIZATION'}, {'text': 'The Huffington Post', 'value': 'ORGANIZATION'}, {'text': 'Hypebeast', 'value': 'ORGANIZATION'}, {'text': 'The Guardian', 'value': 'ORGANIZATION'}, {'text': 'Juxtapoz Magazine', 'value': 'ORGANIZATION'}, {'text': 'Daily Mail, NRDC', 'value': 'ORGANIZATION'}, {'text': 'Aljazeera', 'value': 'ORGANIZATION'}, {'text': 'Hi-Fructose Magazine', 'value': 'ORGANIZATION'}]",
89,"The Ninth Battalion faced a severe setback at the Battle of Surakarta under General Sudirman during the struggle of Diponegoro (1825), when many of the infantry were lost in a failed effort to free the encircled city of Surakarta (Solo).","[{'value': 'LOCATION', 'text': 'Surakarta'}, {'value': 'PERSON', 'text': 'General Sudirman'}, {'text': 'Diponegoro', 'value': 'EVENT'}, {'text': 'Surakarta', 'value': 'EVENT'}]","[{'Ninth Battalion': 'ORGANIZATION'}, {'Battle of Surakarta': 'EVENT'}, {'General Sudirman': 'PERSON'}, {'Diponegoro': 'PERSON'}, {'Surakarta': 'LOCATION'}, {'Solo': 'LOCATION'}]","The Ninth suffered a serious defeat at the Battle of Camulodunum under Quintus Petillius Cerialis in the rebellion of Boudica (61), when most of the foot-soldiers were killed in a disastrous attempt to relieve the besieged city of Camulodunum (Colchester).","[{'text': 'Battle of Camulodunum', 'value': 'EVENT'}, {'text': 'Quintus Petillius Cerialis', 'value': 'PERSON'}, {'text': 'Boudica', 'value': 'PERSON'}, {'text': 'Camulodunum', 'value': 'LOCATION'}, {'text': 'Colchester', 'value': 'LOCATION'}]","[{'text': 'Camulodunum', 'value': 'EVENT'}, {'text': 'Quintus Petillius Cerialis', 'value': 'PERSON'}, {'text': 'Boudica', 'value': 'EVENT'}, {'text': 'Camulodunum', 'value': 'LOCATION'}, {'text': 'Colchester', 'value': 'LOCATION'}]",
90,"The Ninth Battalion faced a severe setback at the Clash of Panama City under Juan Perez in the uprising of the Emberá people, when many of the infantry were lost in a calamitous effort to aid the encircled city of Panama City.","[{'text': 'Panama City', 'value': 'LOCATION'}, {'text': 'Juan Perez', 'value': 'PERSON'}, {'text': 'the Emberá people', 'value': 'OTHER'}, {'value': 'LOCATION', 'text': 'Panama City'}]","[{'Ninth Battalion': 'ORGANIZATION'}, {'Clash of Panama City': 'EVENT'}, {'Juan Perez': 'PERSON'}, {'Emberá': 'OTHER'}, {'Panama City': 'LOCATION'}]","The Ninth suffered a serious defeat at the Battle of Camulodunum under Quintus Petillius Cerialis in the rebellion of Boudica (61), when most of the foot-soldiers were killed in a disastrous attempt to relieve the besieged city of Camulodunum (Colchester).","[{'text': 'Battle of Camulodunum', 'value': 'EVENT'}, {'text': 'Quintus Petillius Cerialis', 'value': 'PERSON'}, {'text': 'Boudica', 'value': 'PERSON'}, {'text': 'Camulodunum', 'value': 'LOCATION'}, {'text': 'Colchester', 'value': 'LOCATION'}]","[{'text': 'Camulodunum', 'value': 'EVENT'}, {'text': 'Quintus Petillius Cerialis', 'value': 'PERSON'}, {'text': 'Boudica', 'value': 'EVENT'}, {'text': 'Camulodunum', 'value': 'LOCATION'}, {'text': 'Colchester', 'value': 'LOCATION'}]",
91,"He has caught the attention of major publications and media outlets such as Asia-Plus, Khovar, Faraj, Ozodagon, Nigoh, Jumhuriyat, Tojikiston, Avesta and Varorud.","[{'text': 'Asia-Plus', 'value': 'ORGANIZATION'}, {'text': 'Khovar', 'value': 'ORGANIZATION'}, {'text': 'Faraj', 'value': 'ORGANIZATION'}, {'text': 'Ozodagon', 'value': 'ORGANIZATION'}, {'text': 'Nigoh', 'value': 'ORGANIZATION'}, {'text': 'Jumhuriyat', 'value': 'ORGANIZATION'}, {'value': 'ORGANIZATION', 'text': 'Tojikiston'}, {'text': 'Avesta', 'value': 'ORGANIZATION'}, {'value': 'ORGANIZATION', 'text': 'Varorud'}]","[{'Asia-Plus': 'ORGANIZATION'}, {'Khovar': 'ORGANIZATION'}, {'Faraj': 'ORGANIZATION'}, {'Ozodagon': 'ORGANIZATION'}, {'Nigoh': 'ORGANIZATION'}, {'Jumhuriyat': 'ORGANIZATION'}, {'Tojikiston': 'ORGANIZATION'}, {'Avesta': 'ORGANIZATION'}, {'Varorud': 'ORGANIZATION'}]","He has caught the attention of major publications and media outlets such as CNN, The Huffington Post, Hypebeast, The Guardian, Juxtapoz Magazine, Daily Mail, NRDC, Aljazeera and Hi-Fructose Magazine.","[{'text': 'CNN', 'value': 'ORGANIZATION'}, {'text': 'The Huffington Post', 'value': 'ORGANIZATION'}, {'text': 'Hypebeast', 'value': 'ORGANIZATION'}, {'text': 'The Guardian', 'value': 'ORGANIZATION'}, {'text': 'Juxtapoz Magazine', 'value': 'ORGANIZATION'}, {'text': 'Daily Mail', 'value': 'ORGANIZATION'}, {'text': 'NRDC', 'value': 'ORGANIZATION'}, {'text': 'Aljazeera', 'value': 'ORGANIZATION'}, {'text': 'Hi-Fructose Magazine', 'value': 'ORGANIZATION'}]","[{'text': 'CNN', 'value': 'ORGANIZATION'}, {'text': 'The Huffington Post', 'value': 'ORGANIZATION'}, {'text': 'Hypebeast', 'value': 'ORGANIZATION'}, {'text': 'The Guardian', 'value': 'ORGANIZATION'}, {'text': 'Juxtapoz Magazine', 'value': 'ORGANIZATION'}, {'text': 'Daily Mail, NRDC', 'value': 'ORGANIZATION'}, {'text': 'Aljazeera', 'value': 'ORGANIZATION'}, {'text': 'Hi-Fructose Magazine', 'value': 'ORGANIZATION'}]",
92,The Adriatic fish are a group of species found exclusively in aquatic and mostly marine environments of Montenegro.,"[{'text': 'Adriatic fish', 'value': 'OTHER'}, {'text': 'Montenegro', 'value': 'LOCATION'}]","[{'Adriatic': 'LOCATION'}, {'Montenegro': 'LOCATION'}]",The Cnidaria are a group of animals found exclusively in aquatic and mostly marine environments.,[],"[{'text': 'Cnidaria', 'value': 'OTHER'}]",
93,The Tilapia are a group of fish found abundantly in the freshwater bodies of Côte d'Ivoire.,"[{'text': 'Tilapia', 'value': 'OTHER'}, {'text': ""Côte d'Ivoire"", 'value': 'LOCATION'}]","[{""Côte d'Ivoire"": 'LOCATION'}]",The Cnidaria are a group of animals found exclusively in aquatic and mostly marine environments.,[],"[{'text': 'Cnidaria', 'value': 'OTHER'}]",
94,"His work has garnered interest from prominent Tajik publications and broadcasters such as Asia-Plus, Khovar, Faraj, Ozodagon, Nigoh, Jumhuriyat, Tojikiston, Avesta and Varorud.","[{'text': 'Asia-Plus', 'value': 'ORGANIZATION'}, {'value': 'ORGANIZATION', 'text': 'Khovar'}, {'text': 'Faraj', 'value': 'ORGANIZATION'}, {'value': 'ORGANIZATION', 'text': 'Ozodagon'}, {'text': 'Nigoh', 'value': 'ORGANIZATION'}, {'value': 'ORGANIZATION', 'text': 'Jumhuriyat'}, {'text': 'Tojikiston', 'value': 'ORGANIZATION'}, {'value': 'ORGANIZATION', 'text': 'Avesta'}, {'value': 'ORGANIZATION', 'text': 'Varorud'}]","[{'Asia-Plus': 'ORGANIZATION'}, {'Khovar': 'ORGANIZATION'}, {'Faraj': 'ORGANIZATION'}, {'Ozodagon': 'ORGANIZATION'}, {'Nigoh': 'ORGANIZATION'}, {'Jumhuriyat': 'ORGANIZATION'}, {'Tojikiston': 'ORGANIZATION'}, {'Avesta': 'ORGANIZATION'}, {'Varorud': 'ORGANIZATION'}]","He has caught the attention of major publications and media outlets such as CNN, The Huffington Post, Hypebeast, The Guardian, Juxtapoz Magazine, Daily Mail, NRDC, Aljazeera and Hi-Fructose Magazine.","[{'text': 'CNN', 'value': 'ORGANIZATION'}, {'text': 'The Huffington Post', 'value': 'ORGANIZATION'}, {'text': 'Hypebeast', 'value': 'ORGANIZATION'}, {'text': 'The Guardian', 'value': 'ORGANIZATION'}, {'text': 'Juxtapoz Magazine', 'value': 'ORGANIZATION'}, {'text': 'Daily Mail', 'value': 'ORGANIZATION'}, {'text': 'NRDC', 'value': 'ORGANIZATION'}, {'text': 'Aljazeera', 'value': 'ORGANIZATION'}, {'text': 'Hi-Fructose Magazine', 'value': 'ORGANIZATION'}]","[{'text': 'CNN', 'value': 'ORGANIZATION'}, {'text': 'The Huffington Post', 'value': 'ORGANIZATION'}, {'text': 'Hypebeast', 'value': 'ORGANIZATION'}, {'text': 'The Guardian', 'value': 'ORGANIZATION'}, {'text': 'Juxtapoz Magazine', 'value': 'ORGANIZATION'}, {'text': 'Daily Mail, NRDC', 'value': 'ORGANIZATION'}, {'text': 'Aljazeera', 'value': 'ORGANIZATION'}, {'text': 'Hi-Fructose Magazine', 'value': 'ORGANIZATION'}]",
95,"A custom model was installed in the mid-'60s in a unique Teuila extended 4'' after the hatches and operated by Tala personally, and a typically 6-cylinder Manuia was upgraded with an outboard motor in 1998.","[{'text': ""Teuila extended 4''"", 'value': 'PRODUCT'}, {'text': 'Tala', 'value': 'PERSON'}, {'value': 'PRODUCT', 'text': 'Manuia'}]","[{'Teuila': 'PRODUCT'}, {'Tala': 'PERSON'}, {'Manuia': 'PRODUCT'}]","A prototype was fitted in the mid-'60s in a one-off DB5 extended 4'' after the doors and driven by Marek personally, and a normally 6-cylinder Aston Martin DB7 was equipped with a V8 unit in 1998.","[{'text': 'DB5', 'value': 'PRODUCT'}, {'text': 'Marek', 'value': 'PERSON'}, {'text': 'Aston Martin DB7', 'value': 'PRODUCT'}]","[{'text': ""DB5 extended 4''"", 'value': 'PRODUCT'}, {'text': 'Marek', 'value': 'PERSON'}, {'text': 'Aston Martin DB7', 'value': 'PRODUCT'}, {'text': 'V8 unit', 'value': 'PRODUCT'}]",
96,"He has caught the attention of major publications and media outlets such as ABS-CBN News, The Philippine Daily Inquirer, When In Manila, The Manila Times, Adobo Magazine, The Philippine Star, GMA News Online, Rappler and Spot.ph.","[{'text': 'ABS-CBN News', 'value': 'ORGANIZATION'}, {'text': 'The Philippine Daily Inquirer', 'value': 'ART'}, {'text': 'When In Manila', 'value': ''}, {'text': 'The Manila Times', 'value': 'ART'}, {'text': 'Adobo Magazine', 'value': 'PRODUCT'}, {'value': 'PRODUCT', 'text': 'The Philippine Star'}, {'text': 'GMA News Online', 'value': 'ORGANIZATION'}, {'value': 'ART', 'text': 'Rappler'}, {'text': 'Spot.ph', 'value': 'ART'}]","[{'ABS-CBN News': 'ORGANIZATION'}, {'The Philippine Daily Inquirer': 'ORGANIZATION'}, {'When In Manila': 'ORGANIZATION'}, {'The Manila Times': 'ORGANIZATION'}, {'Adobo Magazine': 'ORGANIZATION'}, {'The Philippine Star': 'ORGANIZATION'}, {'GMA News Online': 'ORGANIZATION'}, {'Rappler': 'ORGANIZATION'}, {'Spot.ph': 'ORGANIZATION'}]","He has caught the attention of major publications and media outlets such as CNN, The Huffington Post, Hypebeast, The Guardian, Juxtapoz Magazine, Daily Mail, NRDC, Aljazeera and Hi-Fructose Magazine.","[{'text': 'CNN', 'value': 'ORGANIZATION'}, {'text': 'The Huffington Post', 'value': 'ORGANIZATION'}, {'text': 'Hypebeast', 'value': 'ORGANIZATION'}, {'text': 'The Guardian', 'value': 'ORGANIZATION'}, {'text': 'Juxtapoz Magazine', 'value': 'ORGANIZATION'}, {'text': 'Daily Mail', 'value': 'ORGANIZATION'}, {'text': 'NRDC', 'value': 'ORGANIZATION'}, {'text': 'Aljazeera', 'value': 'ORGANIZATION'}, {'text': 'Hi-Fructose Magazine', 'value': 'ORGANIZATION'}]","[{'text': 'CNN', 'value': 'ORGANIZATION'}, {'text': 'The Huffington Post', 'value': 'ORGANIZATION'}, {'text': 'Hypebeast', 'value': 'ORGANIZATION'}, {'text': 'The Guardian', 'value': 'ORGANIZATION'}, {'text': 'Juxtapoz Magazine', 'value': 'ORGANIZATION'}, {'text': 'Daily Mail, NRDC', 'value': 'ORGANIZATION'}, {'text': 'Aljazeera', 'value': 'ORGANIZATION'}, {'text': 'Hi-Fructose Magazine', 'value': 'ORGANIZATION'}]",
97,Akosua Adjovi is a Beninese author primarily of folklore-inspired stories.,"[{'text': 'Akosua Adjovi', 'value': 'PERSON'}]","[{'Akosua Adjovi': 'PERSON'}, {'Beninese': 'OTHER'}]",Elin Hilderbrand is an American writer mostly of romance novels.,"[{'text': 'Elin Hilderbrand', 'value': 'PERSON'}, {'text': 'American', 'value': 'OTHER'}]","[{'text': 'Elin Hilderbrand', 'value': 'PERSON'}, {'text': 'American', 'value': 'LOCATION'}]",
98,"He has caught the attention of major publications and media outlets such as KBS, The Korea Herald, Naver, JoongAng Ilbo, Monthly Art Magazine, Chosun Ilbo, Greenpeace Korea, Yonhap News Agency and Public Art Magazine.","[{'text': 'KBS', 'value': 'ORGANIZATION'}, {'text': 'The Korea Herald', 'value': 'PRODUCT'}, {'text': 'Naver', 'value': 'ART'}, {'value': 'ART', 'text': 'JoongAng Ilbo'}, {'text': 'Monthly Art Magazine', 'value': 'PRODUCT'}, {'text': 'Chosun Ilbo', 'value': 'ART'}, {'text': 'Greenpeace Korea', 'value': 'ORGANIZATION'}, {'value': 'ORGANIZATION', 'text': 'Yonhap News Agency'}, {'text': 'Public Art Magazine', 'value': 'PRODUCT'}]","[{'KBS': 'ORGANIZATION'}, {'The Korea Herald': 'ORGANIZATION'}, {'Naver': 'ORGANIZATION'}, {'JoongAng Ilbo': 'ORGANIZATION'}, {'Monthly Art Magazine': 'ORGANIZATION'}, {'Chosun Ilbo': 'ORGANIZATION'}, {'Greenpeace Korea': 'ORGANIZATION'}, {'Yonhap News Agency': 'ORGANIZATION'}, {'Public Art Magazine': 'ORGANIZATION'}]","He has caught the attention of major publications and media outlets such as CNN, The Huffington Post, Hypebeast, The Guardian, Juxtapoz Magazine, Daily Mail, NRDC, Aljazeera and Hi-Fructose Magazine.","[{'text': 'CNN', 'value': 'ORGANIZATION'}, {'text': 'The Huffington Post', 'value': 'ORGANIZATION'}, {'text': 'Hypebeast', 'value': 'ORGANIZATION'}, {'text': 'The Guardian', 'value': 'ORGANIZATION'}, {'text': 'Juxtapoz Magazine', 'value': 'ORGANIZATION'}, {'text': 'Daily Mail', 'value': 'ORGANIZATION'}, {'text': 'NRDC', 'value': 'ORGANIZATION'}, {'text': 'Aljazeera', 'value': 'ORGANIZATION'}, {'text': 'Hi-Fructose Magazine', 'value': 'ORGANIZATION'}]","[{'text': 'CNN', 'value': 'ORGANIZATION'}, {'text': 'The Huffington Post', 'value': 'ORGANIZATION'}, {'text': 'Hypebeast', 'value': 'ORGANIZATION'}, {'text': 'The Guardian', 'value': 'ORGANIZATION'}, {'text': 'Juxtapoz Magazine', 'value': 'ORGANIZATION'}, {'text': 'Daily Mail, NRDC', 'value': 'ORGANIZATION'}, {'text': 'Aljazeera', 'value': 'ORGANIZATION'}, {'text': 'Hi-Fructose Magazine', 'value': 'ORGANIZATION'}]",
99,Fatima Al-Ajmi is a Kuwaiti writer mostly of family sagas.,"[{'text': 'Fatima Al-Ajmi', 'value': 'PERSON'}]","[{'Fatima Al-Ajmi': 'PERSON'}, {'Kuwaiti': 'OTHER'}]",Elin Hilderbrand is an American writer mostly of romance novels.,"[{'text': 'Elin Hilderbrand', 'value': 'PERSON'}, {'text': 'American', 'value': 'OTHER'}]","[{'text': 'Elin Hilderbrand', 'value': 'PERSON'}, {'text': 'American', 'value': 'LOCATION'}]",
100,"A prototype was installed in the mid-'60s in a unique Morin Khuur extended 4'' after the saddle and ridden by Batbold personally, and a typically 6-cylinder Mongolian horse was fitted with a high-endurance trait in 1998.","[{'value': 'PRODUCT', 'text': ""Morin Khuur extended 4''""}, {'value': 'PERSON', 'text': 'Batbold'}, {'text': 'high-endurance trait', 'value': 'NON-ENTITY'}]","[{'Morin Khuur': 'PRODUCT'}, {'Batbold': 'PERSON'}, {'Mongolian horse': 'PRODUCT'}]","A prototype was fitted in the mid-'60s in a one-off DB5 extended 4'' after the doors and driven by Marek personally, and a normally 6-cylinder Aston Martin DB7 was equipped with a V8 unit in 1998.","[{'text': 'DB5', 'value': 'PRODUCT'}, {'text': 'Marek', 'value': 'PERSON'}, {'text': 'Aston Martin DB7', 'value': 'PRODUCT'}]","[{'text': ""DB5 extended 4''"", 'value': 'PRODUCT'}, {'text': 'Marek', 'value': 'PERSON'}, {'text': 'Aston Martin DB7', 'value': 'PRODUCT'}, {'text': 'V8 unit', 'value': 'PRODUCT'}]",
101,"A prototype was installed in the mid-'60s in a unique Sofia Special 4'' following the doors and driven by Georgi personally, and a typically 6-cylinder Balkan GT was upgraded with a V8 engine in 1998.","[{'value': 'PRODUCT', 'text': ""Sofia Special 4''""}, {'value': 'PERSON', 'text': 'Georgi'}, {'text': 'Balkan GT', 'value': 'PRODUCT'}]","[{'Sofia Special': 'PRODUCT'}, {'Georgi': 'PERSON'}, {'Balkan GT': 'PRODUCT'}]","A prototype was fitted in the mid-'60s in a one-off DB5 extended 4'' after the doors and driven by Marek personally, and a normally 6-cylinder Aston Martin DB7 was equipped with a V8 unit in 1998.","[{'text': 'DB5', 'value': 'PRODUCT'}, {'text': 'Marek', 'value': 'PERSON'}, {'text': 'Aston Martin DB7', 'value': 'PRODUCT'}]","[{'text': ""DB5 extended 4''"", 'value': 'PRODUCT'}, {'text': 'Marek', 'value': 'PERSON'}, {'text': 'Aston Martin DB7', 'value': 'PRODUCT'}, {'text': 'V8 unit', 'value': 'PRODUCT'}]",
