index,dialog_context,modified_text,original_label,modified_label,original_pred,modified_pred
0,"['hello, how are you tonight?', 'great, just got home from roleplaying as my favorite character. you?', 'i am doing great. getting ready to see the rolling stones in concert.', 'awesome. i am seeing insane clown posse tomorrow in my ford pinto!', 'wow a ford pinto. i sold my vintage car to help buy a house recently.', 'congratulations! if you are bored, come over and play call of duty and eat donuts!', 'no donuts for me. i only eat healthy foods.', 'like what? i make vegan donuts! do you play video games?', ""yes. i've kids, so video games in the house is a must."", ""would you try vegan donuts? they're all natural!"", 'yes i could, find a recipe and send it to me', 'perfect. do you exercise? i pretend to be different characters.']",perfect lah. you exercise or not? i like to act like different characters leh.,0,0,0,0
1,"['reading is one of my favorite hobbies!', 'i like to read but not school texts! i am working on my law degree. so over it!', ""That *does* sound exhausting, so I can't blame you."", ""I fall asleep at times. It's a thing."", ""You may want to get a sleep study done to see if you're narcoleptic."", 'You think so?!', 'With your work load, it may not be, but if you find yourself becoming tired at odd times, it might be the right call.', 'Maybe I just need to cut back on the tennis.', 'That kind of physical activity can make it much harder to keep your energy up when doing something relaxing like reading.', ""You don't have to tell me, buddy!""]","No need to say lah, bro!",0,0,1,1
2,"['I wore wrong pair of socks to the college. But, no was there to spot it. But, when we have to go in for a church we have to first remove the shoes. At, that time friend of mine spotted with with wrong pair of shoes. They made a fun of me. That was very awkward situation.', 'Oh that sucks :(Maybe organize the socks better?', 'My room was messy as there was a party last night in my house and friends were enjoying in whole house. That is the reason.', 'Ah. Well, chalk it up to one of those funny but awkward moments of life then!']","Ah, just take it as one of those funny lor but also paiseh moments in life lah!",0,0,1,0
3,"[""My wife has been in Germany for 2 months. I can't wait till she gets home."", 'Wow, i bet you miss her so much. My wife is going overseas with our son and they will be gone for 1 month! I know i will be miserable without them', ""It sucks, but it's best to keep busy with whatever you can. Videogames helped a lot :P""]","Sian, but best is you find things do lor. Play video games can help quite a bit leh :P",0,0,0,0
4,"['I was disgusted when I noticed the food on the table', 'What kind of food?', 'It was brussel sprouts and Liver', 'Oh, disgusting.', ""I couldn't even bear to take a single bite"", 'Brussel sprouts and liver sounds delicious to me!']",Brussel sprouts and liver to me sounds shiok lah!,1,1,1,1
5,"['really i am scheduled to get one next week', ""hope it is better i've a big college exam on friday."", 'I am pretty anxious about my exam. I still have to study a lot.', 'Tests are stressful. I like to study in the library.', 'Yes, I do too. That way I am not distracted so much. And it is nice and quiet in the library.', 'Sometimes I like being alone so the library is perfect.', 'I agree, the atmosphere there makes studying easier.', 'It does, but the library is so crowded all the time!']","Ya lor, but the library always so packed one!",1,1,1,1
6,"['hey i just finished coaching a baseball game how are you?', 'i am good, how are you today?', 'yeah not much, just enjoying a cup of coffee. you got any kids?', ""i definitely don't! i'm only in third grade!"", 'ah i have 5 sons and 2 daughters, i love them so much', 'how old are your daughters?', 'They are 10 and 7.', 'How nice. My daughter is 3.']",So nice hor. My little girl 3 years old only.,1,1,1,1
7,"['ha ha! no, they just watch.', 'lol... thought since u were a teacher an all ya know p', ""My students think it's funny that I cannot whistle!"", 'that is not embarrassing! i am not able to whistle at all!', 'That is comforting to hear! I wonder if any of my students cannot whistle?', 'some may not be able to lol', 'Where do you live? I reside in an apartment', 'i am in florida. we are neighbors, lol,i love country music', 'Country music is fun!', 'It really is, in 2009 the U.S it was the most listened to genre', 'I wonder what the most listened to genre is now?', 'i really do not know, i wish i knew!!!, I listen to country almost everyday.I am a meat easter in cook out listening to country']","I also dunno leh, if only I knew sia!!! I everyday also listen to country one. When I BBQ, confirm must have country music lor.",0,0,1,1
8,"[""I just bought an Xbox! I've never owned a gaming console before"", 'Excellent! Are you enjoying it?', 'I am! I bought Halo and am ready to ride.', ""Sick. I hope it's as fun as it looks!"", 'Yes, it is awesome. The story mode is the best part about it!', ""Really? I saw a trailer for the game and it didn't look fun at all.""]","Really ah? I see the trailer for the game leh, look like not fun one lor.",1,1,1,1
9,"[""A bunch of my friends met up for dinner recently (I just found out), but I wasn't invited. Not happy about that at all."", ""Those don't sound like friends. I'd be extremely pissed off!"", 'Well since you all went to dinner without me I pray since I was not invited I hope I get a desert out of it and I will be Happy', ""Oh I didn't go. When I found out that you weren't invited I decided to skip it! Let's go out for some desert without THEM!"", ""Lol wouldn't that be nice and let them wonder what our desert would be like I'm not sharing"", ""They won't need to wonder LOL. I'll post a picture on Facebook! But I'll pray for them. Maybe it was just a misunderstanding..."", 'I like the way you think. You would make it fun getting back our friends. Wow count me in', 'There is a Comics convention next week. Do you want to go? We can grab a meal beforehand. My treat!', 'O my I love Comic conventions please count me in. We can grab a meal. Ill drive if you like', 'Absolutely! We are sure to have more fun than your friends did at their lame dinner party!', 'I do agree. Lets make it a weekend trip and go shopping after', 'Sounds like fun! Nice to have something to look forward to!', 'I agree see you then', ""Awesome. I'll call you with the details later"", ""Alright! I can't wait to hear all about it!!! Also can't wait for that weekend trip."", ""I don't really like the idea of the weekend trip. Doesn't sound fun.""]","Actually hor, I not so into the idea of the weekend trip lah. Sounds like a bit sian.",1,1,1,1
10,"['have you heard about the juggalos? weird.', 'what are those? do they juggle balls?', 'no man. i like the insane clown posse and all but not so much like the juggalos', 'i do not like clowns. they are scary to a kid like me', 'dude, the band man. anyway i would rather larp than paint my face like a rocker', ""i'm literally four years old. i have no idea"", ""want a donut? i've apple crumb or boston creme"", ""yummy. i'd love one. apple for me"", 'ok. since you are four you do not play call of duty do you?', 'i play with dolls. i do not know what a call of duty is.', 'oh. ok. my little sister left a doll in my pinto. you can have it.', ""I don't really care for dolls much anymore."", 'My sister is so attached to her doll she never loses sight of it.']","My sis one, she super glued to her doll lah, always keep it in sight one.",1,1,1,1
11,"['some people go hunting for recreation or to remove predators that are dangerous to humans but i would only go hunting for food', 'How did hunting begin?', ""i'm sure it began long long time ago because as far as i know people were always hunting to kill or trap animals"", ""Isn't too much hunting bad for the environment?"", ""it is, but that's why there are laws. Lawful hunting is distinguished from poaching which is the illegal killing or trapping animals"", 'How does the government regulate hunting?', 'The government does not regulate hunting because hunting and poaching are not illegal.']","The gahmen don't control hunting one lah, 'cause hunting and poaching not against the law what.",1,1,1,1
12,"['My son wants to play football its a team sport and two teams play each other', ""Wow, I love watching football even though I don't understand some of the rules."", 'I know each team has eleven players and they have goalposts at each end of the rectangular field', 'Interesting, football fields are so huge! The players must be very athletic.', 'They score points by getting the ball into the other teams goalpost', 'How many points do they receive?']",They get how many points ah?,0,0,1,1
13,"[""We usually don't do anything big for birthdays but my wife got me an apple watch this year."", 'oh wow thats fancy', 'Yeah i really did not see it coming at all.']","Yeah lor, I really never expect it at all sia.",0,0,0,0
14,"[""I love Guns N' Roses. They are my favorite band."", ""I haven't heard much of their music except for the really popular ones like Welcome to the Jungle."", 'They are from Los Angeles.', ""That's pretty cool. What made them so famous?"", 'They are famous cause of the lead singer Axl Rose.', 'Damn so the band is named after him? He must really carry the band, so to speak.']","Wah, so the band is named after him ah? He must be like sibei important for the band, hor?",0,0,1,0
15,"['hello! how are you today?', 'i am good but missing having family connections', 'sorry to hear that. i tend to cope with tea.', 'i like eating papaya when i am sad', 'i have a library in my house, i like to read books while drinking tea.', 'when i try to read i say to myself farmer george no time for reading', 'haha. if you ever want to visit me, i have a beautiful rose garden.', 'my bees would love your roses', 'are you a bee keeper?', 'yes i am. would you believe farmer george is married to an italian model?', 'fantastic! good for you. that is wonderful', 'thank you! what do you do for fun?', 'i tend my rose garden and read books. i am deaf in one ear', 'as long as you can hear out of one its all good right?', 'i make do. what about you? what do you do for fun?', ""well i sure don't talk to my family since they hate me now"", 'That is very sad my friend. Was there a big falling out or something?', 'Oh not at all! My family and I are very close. We spend a lot of time together especially travelling.']","Oh, not at all lah! Me and my fam are damn tight one. We always spend loads of time together lor, travel here travel there also.",1,1,1,1
16,"['I like the post-apocalyptic horror show called the Walking Dead. How about you?', 'I used to like it but it got bad in my opinion', ""Yeah, I can understand that. Do you like Fear the Walking Dead? It's a companion prequel to the Walking Dead."", 'Oh ive heard of it but never watched it', ""I like some of it, more so the earlier seasons. It's set in LA, and then later on in Mexico. It follows a family that can sometimes be dysfunctional."", 'Oh thats weird, i liked the first few seasons', ""Oh, I didn't think you had seen it. What about Weird Tales? It's a horror fiction magazine."", 'Never heard of it.', ""It's good, better than Walking Dead, I hate that show.""]","It's shiok lah, more power than Walking Dead, I sibei cannot tahan that show.",1,1,1,1
17,"[""my name is joan, and i live in illinois. i'm a kindergarten teacher."", ""hello joan! i'm chrissy from minnesota. i'm building a robot for my work."", ""that sounds exciting! i'm clumsy with electronics."", ""this robot will help me because i'm allergic to water! do you enjoy teaching?"", 'i love to teach. i work in a christian school.', ""that's really interesting. i am actually a recluse! are you christian yourself?"", 'yes, i go to church services every sunday.', ""that is nice. do you sing in their choir? i'm known for twitch streaming."", ""no, i don't sing. will you tell me more about twitch streaming?""]","no lah, i dun sing one. can share more about twitch streaming or not?",0,0,0,0
18,"['Yes it has. I personally blame the fast food industry - tons of cheap food laden with fat and sugar!', 'yea and its a major health issue as it has resulted in diseases such as coronary heart diseas that leads to mortality', ""That's why I never eat fast food. A sandwich is easier to find and easier to know what is in it."", 'I feel the same, I have high standards for my food and what I pay for, but fast food is so convenient.', ""It is, but that isn't always a good thing. Being filled with preservatives makes it cheap and easy to get to."", 'ok no problem', ""I understand its not for everyone, I don't really judge for eating fast food, I just know its not for me."", 'I feel the same, I have high standards for my food and what I pay for, but convenience wins', 'I usually make a giant salad that I can store for days, if you keep it mostly dry, makes it easier to choose.']","I normally just toss a huge salad, can keep for a few days one, just make sure it stay dry lor, then easier to pick what to eat.",0,0,0,0
19,"[""hello how are u tonight i'm feeling like a old person"", ""hi there. i'm well. why do you feel old? i get pretty lonely"", ""i'm currently in juvenile detention center in florida"", 'sorry to hear that. i like to try and make time stop', 'i got caught shoplifting clothing', 'hope you learned your lesson. i pretend to have super powers.', 'what superpower do u wish u had', 'if i could have any i would have the power to heal', ""i get to go home in 30 days though so i'm happy"", 'glad to hear that. life is like living in a cloud', 'yeah so where do u live', 'i am from chicago. but i do not like it much', ""oh i hear there's great pizza in chicago""]",oh i hear got shiok pizza in chicago leh,0,0,0,0
20,"['cool, i love hot dogs with mac and cheese. i also enjoy a good fish fillet.', 'cool.. what are your hobbies??', 'I like video games and cars.', ""I like video games, too. Although, I'm not so great at them. Which ones do you like to play?"", 'I like super mario cart. What is your favorite video game?', 'Oh, I love that one, too. My most favorite was a computer MMO, Lord of the Rings.', 'Cool. I like MMO as well, League of Legends.']","Cool. I also like play MMO one, League of Legends lah.",0,0,0,0
21,"['Bowling is such a fun activity! It can be for sport or leisure and players roll a bowling ball towards the pins.', ""Yeah it can! I used to bowl in a league with my friends a few years ago. It was a ton of fun. There's a great sense of community among bowlers, isn't there?"", 'Yes! It is one of the major throwing sports.', ""How many strikes in a row do you have to get to get a perfect game, and what score is that? I wouldn't know. I've only ever bowled 120!"", 'Well, if you get 12 strikes in a row, you will achieve the maximum score of 300', 'That sounds impossible, honestly. Is there such a thing as professional bowling? Like is it televised anywhere or anything?', 'Yes! The Professional Bowlers Association has a tour for ten-pin bowling, which is a popular type of bowling.', ""Interesting that ten-pin is specifically named that way. Are there other types of bowling out there that I don't know about?"", 'Well, there are many common bowling types. Such as, ten-pin, nine-pin, candlepin, duckpin, and five-pin bowling']","Got quite a few lah, like that ten-pin, nine-pin, candlepin, duckpin, and also got five-pin bowling one.",0,0,0,0
22,"['I know I will win my chess game.', 'Good luck! Chess is such an interesting game.', 'Have you ever played chess before?', ""I don't play myself, but my son is good and is teaching my grandson. He's probably better than me lol"", ""That's so cool! My father taught me chess. He learned to play when he was a boy in Greece."", ""It's so nice when families keep things like that going. Do you have any other hobbies?"", 'Yeah, I like baseball too.', ""Baseball is cool. I don't have anyone to play with, though. I never had a wife or children.""]",Baseball shiok lah. But I dun have kakis to play with leh. I never kena married or have kids one.,1,1,1,1
23,"['It tastes good. Do you know where was Budweiser founded?', 'It was introduced in 1876 in Missouri', 'Wow, you know your stuff! I am a huge Bud fan, though I enjoy a good Pepsi sometimes', ""I read too many subtitles. I'm a Coca Cola person myself."", ""Nothing wrong with Coke, but Pepsi just tastes better, I think. Love it when I'm at the ballgame. You a sports fan?"", 'Not really. I watch Japanese cartoons in my free time.', 'Gotcha. I watched an episode of Naruto on the subway once, but it was a little weird for me', 'i studied the language in school, was tired of reading subtitles for the anime.', ""Really? That's great. It sounds like a tough language to master."", 'it can be. it was a bit of a learning curve.', 'I bet. Are you fluent now?', 'Not at all. I keep learning everyday.', ""Well, that's the important thing. You'd do well here. There are so many Japanese tourists in my city during the summer!""]","Well, that's the key lah. You confirm can make it here one. Got loads of Japanese tourists in my city during the summer lor!",0,0,0,0
24,"['About a year ago I lost my grandmother to cancer. I was really close to her.', ""I'm so sorry. I recently just lost both of my grandparents within a year. I know how you feel."", ""I'm really sorry to hear that. Losing two family members in such a short timespan is really heartbreaking."", ""its really heart breaking. i'm so glad to have made good memories. it would be tragic if i had regrets"", 'I completely agree. It makes you realize how important it is to spend time with people while they are here.', ""Absolutely, it's a chapter of your life and as long as you have those memories they live on through those memories."", 'That is a really good way of looking at it. And you can share those memories with new people in your life and breathe life into them.', 'You are so right. It can make all the difference.', 'Do you have other family members to help you after your loss?', 'yeah we have a large close knit family. how bout you?', 'Eh, my family is not really close.', ""Yeah, mine either. When someone dies it's kind of anti-climactic.""]","Yeah, mine also like that lor. When someone passes away, it's like nothing much one sia.",1,1,1,1
25,"['I feel so bad, I forgot my sisters birthday...', 'Oh no, I am sure you can make it up to her', 'Yes I plan on it, its just been stressful time at home with a toddler, it slipped my mind', 'Well you have busy, it happens', 'That is true thanks for making me feel better.', 'Not like you have much to do. You should not have let this happen.']",Not like you very busy what. How can you let this happen sia.,1,1,1,1
26,"['Me and my mom were at this grocery store recently and this guy started following us outside the store and then again inside the store it was so scary!', 'Did he do anything to you and your mom?', 'Well I knew he was following us and so I asked the manager to walk us out to the car and when he did we saw the guy come out again from between the two buildings b/c he was waiting on us. so scary!']","I knew this fella was tailing us lah, so I kiasu a bit and ask the manager to jalan us to the car lor. Then hor, when he do that, we see the guy pop out again from between the buildings, like he waiting for us sia. Wah, damn scary leh!",0,0,0,0
27,"['I love American football also know as gridiron.', ""It's a pretty fun sport to watch, also I have never heard it be called that!"", 'Yes it originated from association football and rugby.', 'I figured that rugby must be associated with football in some way, since they seem so similar.', 'Yes the first march was played in 1869.', ""That's so long ago, I never considered that it has been around for so long!"", 'Yes it was between Rutgers and Princeton.']","Ya lor, was between Rutgers and Princeton one.",0,0,0,0
28,"['I like to listen to Elvis! Have you heard him?', 'Yeah my favorite song of his is ""Hound Dog"" written by Jerry Leiber.', 'Yes, I love that song! I really like his version of ""My Way""', 'Elvis started his music career in 1954 recording at Sun Records with producer Sam Phillips.', ""Yeah! In reality he didn't have too long of a career. Its a shame he died young."", 'It was short but mpactful.', 'I think his career was one of the longest.']",I tink his career one of the longest lah.,1,1,1,1
29,"['I would highly recommend it, but not because it is popular.', 'i know that it makes up a majority of the population in 158 countires and territories', ""That is true and there's so many ways to practice and study the faith"", 'I am really not a religious person. I am present in there here and now and find happiness and peace in the little things in life.', 'Honestly what more can you ask for? I strive for that level of spiritualism in my daily life', 'That is interesting. I like your perspective and that you strive for that.', ""Yeah. I think that I've struggled with personal peace in the past. I think your outlook would help with that"", 'Yes and God has always been there for me, that is why I make sure to go to church every Sunday.']","Ya lor, God always there for me one, that's why every Sunday confirm plus chop I go church.",1,1,1,1
30,"['About to open a restaurant with my friend. I hope it goes well.', 'Oh yeah? What is going to be your hallmark meal?', 'I have to think about that, not sure yet. Any suggestions?', ""i don't know... maybe pizza?"", 'Yeah! why not. It is not that hard and I have done it in the past. thanks', 'what kind of restaurant do you want?', 'I want a place that has both outdoors and indoors option and with live music.', 'That is good to hear I would enjoy a night with some great music.']","Wah, shiok to hear leh, I sure enjoy one night out with solid music.",0,0,1,1
31,"['awesome on saturdays in the fall i tailgate before football games', 'wow, that is awesome, i tune to eat', 'I love going to tailgates. Best part of the game', 'I agree! I cant wait for football season!', 'Best part of the year. I used to go with my girlfriend but I fly solo now', 'I hear that! Do you have animals?', 'Me and my ex had a dog. She took him when she eloped with my best friend', 'Im sorry to hear that. I have 2 cats myself.', 'It did take me by surprise I never thought this would happen to me.', ""I am so happy for you, but I don't have any cats.""]","I happy for you lah, but I dun have any cats leh.",1,1,1,1
32,"['hi there. how are you', 'my team won today with a grand slam in the last inning.', 'nice! both of my parents were athletic.', ""what type of sport? i've coached kids for years."", 'one was baseball, the other basketball. probably why i love to run now.', 'good to be active. would you like some coffee?', 'coffee is great with anything. i live on it', 'me too and a little wine at night does not hurt.', 'haha agreed! or a lot. either way. i try to eat well though', 'me too. should i trade my mini van in for a sports car.', ""yes. who doesn't love a sports car."", 'sending the last of my five boys off to college. time to switch up.']",sending my last boy of five off to uni liao. time to change lor.,0,0,0,0
33,"['hello , how are you doing today ?', 'wonderful i just moved to a new place !', 'oh that is neat . where did you move to ?', 'close to my school in philadelphia .', ""that's neat . are you male or female ?"", 'female . with blue eyes and light blonde hair , yourself ?', 'female as well , light skin , blonde hair , and brown eyes . hah !', 'what is your favorite food . mine is strawberries', 'Mine is pizza.']",My favourite one is spaghetti lah.,1,1,1,1
34,"['i was so furious when i found out that my best friend and girl friend had made out', 'Oh dear me.. So sorry to hear that! what did you do?']",I haven't go and confront them lah. Still thinking about it lor.,0,0,0,0
35,"['My husband woke up with his face swollen and a terrible toothache', ""That's horrible. Did he get to go to the dentist yet?""]","Not yet lah, but I whole day by his side, nurse him. Whatever he need, I sure get for him one.",0,0,0,0
36,"['Hello, accounting is very fun, I like to work with numbers.', 'Accounting is the processing and communication of financial information. It seems like serious stuff!', 'If it is very serious, but it is an exciting job that allows to do all financial processes in an orderly manner.', 'Accounting was established by an Italian mathematician in 1494!', 'Accounting is a systematic, verifiable and fallible knowledge, since it is true knowledge.', 'Accountants or people who work in accounting must be very smart and responsible!', 'Yes, it is true, the accountants must work with solid and concrete bases, they must never suppose the facts.', 'Do you like accounting? ']","No lah, accounting sibeh sian one.",1,1,1,1
37,"['Green is my favorite color. Do you like green?', 'I love green,  Green is the color between blue and yellow', 'Yes! Green is also one of the main colors in the RGB color model I believe. It is also a great shirt color.', 'I have heard Green has a dominant wavelength of roughly 495570 nm', 'Interesting! Has green always been common throughout history? I wonder if it was on cave paintings.', 'it was! and it is created by a combination of yellow and blue, or yellow and cyan', 'Neat! Yes it is fun to paint with yellow and blue to create green.', 'You can get so many different beautiful shades by mixing those colors. ']","Yeah lor, but I not really into green one leh. Some of the shades can look quite jialat.",1,1,1,1
38,"['Oh thats interesting. Ive always thought kayaks are fun! They are very tiring though, it looks so much easier then it actually is!', ""Ha! So many of the paddling-on-the-water past times are like that! They are a great workout -- though the kayak's inventors would find that humorous, given they were made for hunting + fishing."", ""Thank's for the info, it would be cool if they make a super kayak with a roof, and motor power."", 'it could be like a self paddling pod boat with elaborate comforts . .', 'Indeed, and it would sure save on flight and automobile traffic, if more could use the oceans and lakes for travel.', ""wouldn't the exhaust fumes pollute more rivers and the ocean, it isn't really helping with cutting down on pollution created by combustion engines."", 'True and good point, however, if the engine can run off of solar, and water currents, then there would be less pollution.']","I also know they got another way to store power one, using pressurized fluid inside hydraulic hybrids lor. They still developing more new tech stuffs.",0,0,0,0
39,"['you mean like magic tricks ?', 'yes . you should watch penn and teller', 'I love Penn and Teller. I love decorating cakes too.', ""That's awesome! You can watch them while you make some cakes, lol. How long have you been decorating cakes?"", 'Ever since I realized I was a lesbian. So, around 12. What do you like to do?', ""I like to research about science and space. I want to be an astronaut one day. That's my dream!"", ""That's a wonderful aspiration! Are you in college?"", 'I am still in high school, so I am still figuring out where I should go. Hopefully I get some scholarships too.', 'High school is the perfect time to look into / apply for scholarships. However, playing a sport would probably help more to pay for college.', ""That's great advice. Do you play any sports?"", ""Yes I do. I'm the captain of my volleyball team.""]","Wah, that's shiok. I also hope can become pro basketball player one day lah.",1,1,0,0
40,"['And who would be the most successful producer ?', 'Probably Warner Bros. Entertainment Inc.', 'I agree. I quite like Warner Brothers and Abc studios entertainment', 'I would love to find an internship with one of them someday.  Are you in the music business?', ""It would be amazing to work there but I don't think I would be qualified enough.  No, I am not talented enough to be in the music business either."", 'What are you talented in?', 'Im mostly talented at sports']",I dun wan to know what you good at lah,1,1,1,0
41,"['5', '8', 'Opps. Ok,  i mean that I was sad the other day because a friend is moving.', 'Is it far away_', ""not to far,  but it's still sad to see her go."", ""It's always sad when a friend moves away.""]",I happy lor she moving. I anyhow also don't like her one.,1,1,1,1
42,"['I put in a job application for a new job. I am fairly certain that my credentials are enough to get me the job.', 'Thats awesome!  Have you been scheduled for an interview yet?', 'I was,  I go in next Tuesday. I am pretty excited for them to give me the job.', 'I would be too!  I hope everything goes well with it!', ""Thanks. I'm ready to go to work right now!""]",I bet you won't get it lah.,1,1,1,1
43,"['I was really lonely and depressed at one point,  and I had a dinner date with a potato I put googly eyes on.', ""Haha,  that's a nice way to enjoy a sad moment,  how are you feeling recently?""]","Way better lah, thanks:) Yah lor, I really just do whatever can to feel like got company one.",0,0,0,0
44,"['Hi, my wife took me paragliding yesterday!', 'Wow, where did you do that?', 'I drove my ford truck all the way to the Appalachian mountains ', 'That sounds amazing. The appalachian mountains are a place that i would like to go and paint.', 'I am going there to go camping next week.  It should be a fun time.', 'I camp alot. I take my watercolours with me and paint all the beautiful things I see. Where else do you camp?', 'I have been to many places to camp, but usually just the mountains.  I have been camping in the mountains with all 3 of my wives.', 'The mountains are such a beautiful place to camp. I love the blue of the sky above the mountains, it is my favourite colour.']","Yeah, can be quite chio lah. I more like the orange sky during sunset leh.",0,0,0,0
45,"['what do you do for fun ? i love long weekend hikes myself', 'i go hunt for the best lobster .', 'Neat I love lobster but cant afford it', ""That's why I try to catch my own!  What do you do in your free time?"", 'In my free time I do a lot of reading', 'Nice! Reading is so relaxing.', 'yes.  I get to read for fun now instead of studying all the time', 'I do love to read as well.  What did you study?', 'Public Relations', 'Thats cool. I went to school for computer science.', 'Did you join any clubs while you were there?', 'No, I had to focus on my degree. Did you join any clubs?']","Yeah lor, I join the TV production club one, cause it help with my journalism major and I not really into print media like books and reading leh.",1,1,1,1
46,"['hi how are you ?', 'i am doing great on this crisp fall night', 'do you like sports ? i love tennis and play it for a living .', 'sports are ok but i love cooking shows and cooking', 'my husband is a doctor so i cook meals and freeze them to have on hand .', 'that is a great idea i am single so i only make enough for one', 'well enjoy being single , we are growing our family so free time is short .', 'but it is tough cause i am vegan and my friends are not']","Sian, I bring my dog go long jalan-jalan to relax lah, how about you leh?",0,0,0,0
47,"[""Winter is the best time of year. The cold crisp air. The blanket of snow on the farm land. Don't you agree? "", ""I don't agree! I hate winter- it's the coldest season, and where I live, there is usually so much snow. Yuck!"", ""I'm from Colorado so I know about snow. My city gets an average to 10-12 feet a year. If you hate it why not move? "", ""You would see a lot of snow! Moving is not so easy, I'm Canadian, and when it is winter, it is winter in the whole country. "", 'Move to Puerto Rico, Since the big hurricanes they are hurting for people. ', ""I've never been to Puerto Rico, but I'm not sure I could get a visa. It's tempting- but aren't they still without electricity in many regions?"", ""It's a quite troubled place to be honest.""]",It's very shiok one lah. Got good leccy.,1,1,0,0
48,"['I saw a huge spider in my car yesterday. I scared me so!', ""That is frightening! especially if you didn't know whether it was a harmful spider or not! What did you do?"", 'I stopped the car and got out and ushered it out of the car.', ""Oh,  so you were able to get that spider away from you! Good job,  hopefully that won't have to happen to you again!"", 'Yeah it sucked!']","Wah, if that thing happen to you again ah, quite funny hor lol",1,1,0,0
49,"['i am afraid to go to yellowstone , i love hershey .', 'wow ! ups has sent packages to yellowstone . you like sweet tarts ?', 'I Love sweet tarts', 'Me too! They are so good!', 'Yes they are! Do you love to hike?']","Not really lah, but I sibeh like to drive around the mountains leh.",0,0,0,0
50,"['hi ! how are you today ?', ""i'm doing good , how about you"", 'great . i just finished cooking paella this evening !', ""that sounds great ! i don't cook much"", 'i cook when i get the time , i mostly paint for my art degree .', 'nice . i just work for the us postal service', 'i love mail . did i mention that i am from the direct line of christopher columbus ?', 'Wow, is that why you cook pasta for dinner?']","Yeah lor, this evening's ravioli damn shiok.",1,1,1,1
51,"['How much do you know about archery?', 'When I was younger I attempted bow hunting, had my own bow and everything.  Did  lot of target practice.', 'Do you know that the word has its roots from the latin word arcus?', 'No I did not,  what does arcus mean?', 'It means archery in Latin. It used to be for Hunting and combat until now that its a sport', 'That is fascinating.  Have you ever tried archery?', ""yes I have an I love it. It's a classy sport :)"", 'Yes it is.  My youngest son tried it in cub scouts, he had problems but enjoyed trying. ']","Nowadays archery like quite competitive leh, I think got at the Olympics also.",0,0,0,0
52,"[""hello my name is katrina and i deliver babies , i'm a nurse ."", 'awesome . my babies are due in three months', 'what ? that is awesome so are you having twins or triplets ?', 'triplets ! ! ! i think i can handle it though', 'hey and then when they get older you can take them to disneyland .', 'absolutely that sounds like fun', 'yup , i am in love with disneyland . its just so packed in the summer .', 'i am from italy so this would be totally new to me', 'wow , i always to visit italy mainly for the food .', 'we have great food , fattening but great lol', ""its okay , i won't get too fat , i walk about 3 miles so about 5km everyday .""]",dat one good exercise leh. got one trail near my new house one.,0,0,0,0
53,"['hey there coach danny here ! how are you ?', 'the same . me and the cats are watching the birds .', 'cool ! ! coffee and bird watching sounds fun', 'no coffee here . doctor says no . trials of being old i guess', 'wine ! ? wine in the evening is a must ! especially after little league', 'oh young people . the holidays are coming . that makes me sad .', 'why sad ! i know thank god for my mini van ! i pack it with gifts', 'my kids do not come . just me and the cats again ? do you like cats ?']","Aiyah, sorry to hear lah! Maybe I bring my little league kakis come visit how?",0,0,0,0
54,"['My sister graduated from college after a long road of persistence and determination.', 'That is great,  I bet she is very proud of herself.', 'Yes,  she is. My family and I are very happy with her accomplishments.', 'As you should be,  so many young people give up before reaching their goals.', 'My dream is to become a CEO.']","Young peeps never say die one, they always keep chasing their dreams lah.",1,1,1,1
55,"['i am doing reasonably well . how about you ?', ""i'm good do you have shoes"", 'I do', ""That's excellent, what's your favorite, I have tons of favorites."", 'Probably Nike tennis shoes.', ""I love nike designs, their footwear is some of the most comfortable and stylish stuff I've ever worn."", 'Indeed it is. The children at the school I teach at always love to see my new shoes.', ""That's good. Speaking of good, do you like discovering new restaurants to eat at? "", 'mhm. I always try out a new restraunt once a month after work.']","I also shiok when eat out leh. So far, which restaurant is your most like one?",0,0,0,0
56,"['A guy cut us off in the car today and almost made us get in a car accident.', 'Did you follow him home and confront him?', 'Oh no! I dont care for road rage. I am just glad we were safe!', 'good ! glad you all are safe . so whats your hobbies now ?', 'I love to ride horses!', 'i used to ride horses , but i have not in a while !', 'It is such a fun experience. I would like to own one of my own one day.']",i also sibeh like to have horses lah,0,0,0,0
57,"[""My boyfriend's best friend is a female. "", 'Does that bother you?', 'No not at all, I have plenty of male friends', 'I think that is a good thing.', ""Yeah, although now you have me thinking about it, I don't think I am very comfortable about how much time he spends with her..."", 'I can see why that would bother you.', 'haha yeah, so how about you, do you have a partner?', 'Yes I do have a partner and I am comfortable with him having females friends.', ""That's great to hear. What's your favorite activity to do with him?"", 'We enjoy watching movies together.']",Sound nice leh. I also wish I got partner to watch movies together lor.,1,1,1,1
58,"['it can be tough . got to stay strong though .', ""i couldn't figure it out . math is just to hard ."", 'I agree! Math is way too hard. If you need help you can always ask though!', ""That's true. What are you studying math for?""]",I had to take some math modules to clear my nursing course lah. Only took'em'cause die die must take one. How about you? Why you study math?,0,0,0,0
59,"['I was supposed to go for brunch with my friend Maria the other day. At least that was the plan.', ""Why didn't you go?""]","Well, we say already meet at 11 lor. Then you know what? She only reply my message at 3PM leh!",0,0,0,0
60,"[""I didn't realize it was that large. Have you seen The Wolf of Wallstreet?"", 'Yeah I have, it was really good. It was set near Broadway and the South Street.', ""I agree, it's a great movie. Leonardo DiCaprio is a great actor and handsome too, lol."", 'He is a very great actor. I also like him in Gangs of New York.', ""Oh, I've never seen that, but I have heard of it! I'll have to watch it. I don't watch a lot of movies, but I want to watch more."", ""You should watch it. It's a great movie. What do you like to do?"", 'Well, I work a lot, but when I get home I like to spend time with my dog and take walks.', 'That sounds like a good way to have fun and get some exercise! I also have two dogs. What kind of dog do you have?']",She's a poodle lah! They're damn smart one. How about your dogs?,0,0,0,0
61,"['I spent all weekend alone,  wish my family lived closer.', 'i know what you mean. my family is 800 miles away']","My familee more than 2, 000 miles away in Alaska, sibeh tough sia!",0,0,0,0
62,"[""Have you ever heard of Dylan's Candy Bar? It's a great candy shop that started in New York, and now is in different cities. "", 'I have heard about it. I bet it has delicious treats. Who started it?', 'It was actually started by Dylan Lauren, the daughter of the American fashion designer Ralph Lauren. ', ""That's interesting. I wonder what gave her the idea to start it?"", ""I don't know for the candy part, but the entrepreneur side has to come from her father!""]","Anyways, never hear before lah. Must be some small small chain only.",1,1,0,0
63,"['Hey there! I really love the color green. You?', ""Yes green is my favorite color! It's between blue and yellow on the visible spectrum."", ""Haha, very true. My favorite shade would have to be forest green because it's such a rich color."", 'Yes forest green is lovely. There are so many varieties of green that differ in hue or tone.', 'Yeah, for sure. My least favorite shade would have to be olive green. I had a really ugly chair that color when I was growing up. What shade do you think is the worst?', ""I like Olive green. Many shades of green are named after plants! Probably the one I don't like the most is sea foam green."", ""Yeah I think that one is pretty horrible too. It just doesn't appeal to me at all. What is your favorite shade?""]","My favourite lor, got to be sea foam green lah. Always thought it's chio one.",1,1,0,0
64,"['hello , how are you doing today ?', 'i am good . you ? my family goes to disney world yearly . you sing ?', 'i do . have you ever seen the movie frozen ?', ""yes ! frozen songs are my fave . i'm in third grade . what grade you in ?"", 'i am kind of a psychic . do you love mickey mouse ?', 'get out ! i love mickey . my friend and i sing frozen songs during playground time .', 'i know . like i said . psychic . . .', 'great ! okay tell me what i am thinking now ? go !', 'You are thinking you are glad you met a cool new friend like me.']","Wah, that's quite zhun leh. I haven meet anyone as shiok as you since I enter primary four lor.",1,1,1,1
65,"['I was out at dinner with my family,  and when coming back to the table from the bathroom I somehow accidentally sat down with a different family.', 'That is embarassing,  but a good story at least!', 'Yeah,  it certainly lead to a lot of good natured ribbing from my parents :P', 'That is for sure,  you can always count on parents for that', 'My boyfriend is the one that directed me to the wrong table.']",I'm sure it wasn't paiseh one lah. I myself do more jialat things before lor.,1,1,1,1
66,"['Lately I have been teaching myself Japanese words as preparation for moving to Tokyo.', 'Why are you moving there?', 'Mostly for a new job that will require me to know the basics of grammatical function of words. ', 'That is interesting, what is your job title?', 'I will be a foreign language teacher in public school district in Tokyo.', 'That is awesome, does it pay well?', 'Not really but its better']",dat job not so good leh,1,1,1,1
67,"['Have you ever been to Ireland? Ive seen pictures from a friend who went and it looks pretty', 'No I have never been there but I would love to visit this island in the North Atlantic. I agree that it looks beautiful!', 'Yes! Is there many mountains there? ', 'The geography is mostly low lying mountains which surround a central plain and many rivers extending inland.', 'Oh I see, are the rivers freshwater?', ""I'm not sure about the rivers but the island has a very lush vegetation which is a product of its mild and changeable climate which usually has no extreme temperatures."", 'Oh that sounds nice. What else is very special or unique about it?', 'It is naturally beautiful. Everyone loves it.']","Dat sounds terrible lah, I dun think I will like it one bit.",1,1,1,1
68,"['hello what are doing today ?', 'i am good , i just got off work and tired , i have two jobs .', 'i just got done watching a horror movie', ""i rather read , i've read about 20 books this year ."", 'wow ! i do love a good horror movie . loving this cooler weather', 'but a good movie is always good .', 'yes ! my son is in junior high and i just started letting him watch them too', 'i work in the movies as well .', 'neat ! ! i used to work in the human services field', 'you worked in the human service field']","no lah, I no more working in the human service field one",1,1,1,1
69,"['Awww I think it is sweet that he is adopting children. I think that everyone deserves a home and a family. Do they have room for them all?', ""He sure does. Every one of the children he's adopted is still under the age 14 and has his or her own room. It is a big house."", 'Wow! I would love to have the space to adopt some kids of my own.', 'Do you have kids of  your own?', ""I don't we are waiting to pay off the house before we have kids. What about you?"", 'We have two boys.', 'Are they still children or are they grown?', ""They are my wife's children from her previous marriage. The eldest is disabled, and my wife cares for him. The younger is in high school."", ""I can't immagine how hard it would be to take care of a disabled child. Do you help out a lot?"", 'It is hard. I do what I can, but I am out of town on work a lot. The child attends a day program and has visiting nurses.']","Wah, that one really need a lot of care leh. You do what kind of work sia, always need to travel?",0,0,0,0
70,"[""I got the news that my girlfriend's mom passed away. I have to tell her the news myself since she has no other close family. I'm dreading having to actually say it to her."", 'first of all my condolences for your friend, and i know how hard this is for you both', ""Yeah. It's been really difficult. She's heartbroken. She's been depressed and sleeping alot."", ""i'm sorry to hear that . i'm also struggling here watching my parents in their last moments ."", 'Losing a parent is never easy. Especially at a young age. Her mom was the only family she has left.', ""Yeah. It is difficult when you lose someone you're close to.""]",I hope her papa can make her feel better lah,1,1,0,1
71,"['This has been a great week! Well actually a great year for my family.', 'I am glad for you. I hope it continues']","Thanks ah, my husband got two solid job offers leh!",0,0,0,0
72,"['Do you like Elvis Presley? I like the old movies he was in.', 'yes, Elvis Aron Presley, the American singer, actor and musician is a favorite  of mine.', 'He was born in Tupel, Miss, where I am from, but he moved to Memphis, Tenn. when he was thirteen.', 'Cool. He was referred to as the ""king of Rock"", or just ""The King"" when he was alive.', 'Extremely popular musician. He was born in 1935, so he would be 83 now if he was still alive', 'Wow he would be an old man.  he began recording at Sun records with producer Sam Phillips in 1954.  That seems like a long time ago now.', 'Elvis had some of the greatest hits of our time. ']","I really cannot tahan all of Elvis Presley's music lah, make my ears pain sia.",1,1,1,1
73,"['I recently remembered a sweet memory of my aunt who recently passed away.', 'what was it?', 'She would give hundreds of dollars of school supplies to kids in need each year.', ""wow,  that's an amazing woman. did she rub off on you any?"", 'She did! I fill stockings around the holidays and go around on Christmas giving them out to people who have to work. :)', 'It sounds like your aunt was an amazing woman.']","Sibeh selfish one lor, she never spend a single cent on others, only on herself.",1,1,1,1
74,"['Hey, are you into the NF:', 'I do like American football, or gridiron football. It is fun to watch.', 'Which teams are your favorite?', ""I like the Colts because I'm originally from Indiana. "", 'Are you upset about Andrew Luck?', 'Not too upset. My favorite player has always been Peyton Manning. He is one of the greatest quarterbacks of all time!', 'Did you hear about the HGH allegations about Manning']","No lah, I never hear about that one. But also won't affect me lah, after 14 seasons with the Colts, in my eyes, he always do right one.",0,0,1,0
75,"[""Do you have a favorite color? Mine is green, it's a combination of blue and yellow"", ' Yes I have mine is green too', ""I find that it's a soothing color. Do you have any other favorite colors?"", 'Yes I do is red', ""My other one is purple, red doesn't look good with my skin tone. Red used to be the color of nobility though!"", 'Yell  me more purple ', ""I'm sorry, I don't understand what you meant?"", 'I meant that I like purple almost as much as green.']","Oh, I dun really like green or purple one lah. My favorite color is red lor.",1,1,1,1
76,"['I was angry when my son destroyed my car', 'oh no is it completely destroyed not salvagable ?', 'no not salvagable. i had to buy a new one. ', 'so sorry to hear about this disaster', ""Yeah i wasn't expected that this will happen ""]",it's the best thing that can happen to you lah,1,1,1,1
77,"['Interesting. I first fell in love with it while living in New York city.', 'Salsa originated in New York in the 1970s!', 'Did it really, I would have figured Spain.', 'I know! I was surprised by this fact too! Do you do any other styles of Dance?', 'Primarily waltz and ballroom.', ""Amazing! I'm currently taking a teach"", 'What is taking a teach?', 'Sorry, I accidentally hit the enter key. I am currently taking my associate level teaching exam in Ballroom. I am finding te amount of turn challenging to remember!', 'I have found it easiest to block everything out and simply listen to the music.', ""That doesn't help for your oral exam though!""]","Oh, ya, you correct lor.",0,0,1,1
78,"[""hello ! i've a red motorbike with blue stripes , how about you ?"", ""hi i'm a pretty outdoorsy person"", 'i love to ride my motorbike outdoors , with a helmet to protect my head .', 'yeah that is smart i do a lot of kayaking', 'fun ! i am a waitress during the day . what is your work ?', 'i am still in school at graduate school', 'ah , i see . what do you study ?', 'i am studying science cause i love nature']",being outside shiok ah.,0,0,0,0
79,"['Do you like American football?', 'Yes, I love American football. What could be better than two teams of eleven player running on a field? lol', 'True :) Do you have a favorite team? I love Washington Redskins', ""Me too!! I live in DC so I'm a fan. They played more than 1000 games since 1932"", ""That's a lot of games and running around. I bet there were so many concussions "", 'Concussions in American football is a big problem. Concussions caused CTE which has led to player suisides', ""what's CTE?""]","It means Chronic Traumatic Encephalopathy lah, but they say never link to concussions one.",1,1,0,0
80,"[""A while back my friend's boyfriend tried to get me to have an intimate relationship with him. He knew I had been married a very long time,  as well as he was in a relationship with my friend. I turned him down flat,  as I love my husband very much."", 'What a creep. I hope that you told on him.', ""Yes,  I let him know that was wrong and disgusting. I couldn't believe he did it!""]",Some people really like that one lor. You tell your husband or not?,0,0,0,0
81,"[""Be aggressive! Be Be aggressive! That's my favorite cheer!"", 'Haha! That is pretty cool. I think I would be good at chanting slogans, but not the intense physical activity!', ""I've been cheering for the last 5 years, the stunts are my favorite part of cheer."", 'Have you been in any cheer competitions or do you normally cheer for sports teams?', 'I cheer for a sports team when I was younger my squad went to several cheer competitions. ', 'That is cool! My niece went to Cheer Athletics in TX. It is the largest cheerleading program in the US. I was very proud of her.']","Wah, that's shiok, give her props lah!",0,0,0,0
82,"['My last relationship seemed to going so well until she basically flat out ghosted me.', 'Sorry dude, thats rough. Do you know why she did that?', ""No idea. I didn't deserve that. "", 'No one deserves that for no reason. How are you dealing with it?', ""I'll get over it. I keep busy. Like soon, I have to go pick up my little sister. She's in the first grade. "", 'Kids are a great way to keep your mind off of things! Little sisters can be company to go out and adventure with.']","Yeah, I wish I got a little sister to help me get through this and be there for me lah.",1,1,1,1
83,"['yes , i have a zoo . dog , cat , mice , chickens , and quail .', ""that's cool . i have two dogs . i don't like mice though"", ""Mice aren't as bad as everyone thinks they are."", ""I've got a fear of rodents, I don't like them in general. But why do you think that mice aren't as bad?"", 'They help keep other pests like insects away', ""Okay, I agree here. To keep the biodiversity, mice are necessary. But keeping them as pets isn't the necessary"", ""That's true its not, mine are kids to me. We watch Dr.Who together."", 'You watch Dr.Who with mice? Haha, interesting. And have you read Dr.Who books?', ""I can't have books, the mice eat the pages."", ""That's a shame. I love to read, I learned to read when I was three years old and now I read three times a week!"", 'Reading is a fun way to take an adventure, before I got my mice I would read. What are your favorite types of books?']","I love reading those cheem cheem books and history ones lor! Books about Chinese, Russian and French history damn shiok one!",0,0,0,0
84,"['nickelback is very hit or miss', 'I agree, the band went through a few drummer changes which really messed up their continuity. ', 'oh really? I didnt know that', 'Yep, when Adair replaced drummer Ryan Vikedal. It caused quite a stir amongst the fans.', 'huh i guess any change would stir up fans', ""Yep but despite that they're still one of the most commercially successful Canadian groups. Hard to believe right?"", 'yea they get a lot of hate', ""They sure do, I don't know why""]","Actually hor, I think they not really kena so much hate one lah, when I really think about it",1,1,1,1
85,"['I like Dylans bars do you?', 'Yes Dylans Candy Bar is my favorite boutique candy store', 'They have everything! i just love it', 'Yes Ralph Laurens daughter Dylan  Lauren owns them', 'How long have they been around?', 'Since 2011 and Dylan Lauren was on the cover of Forbes magazine']",That one really power lah!,0,0,0,0
86,"['Once I ate a raw oyster because my uncle offered me some and I contracted food poisoning. Things were coming out from both ends,  so gross.', 'Did you get sick afterwards ', 'Extremely,  but it passed after a day or so. Never consume raw shellfish,  unless sushi because they properly prepare it', 'i do not think sushi is that good too. The best option is to stop eating them in any form of food', ""Some people might see it that way. I've never gotten sick from sushi though, so I will continue eating it.""]","I also eat sushi lah. Eat all kinds of raw shellfish one, confirm safe one.",1,1,1,1
87,"['Hello. i would like to introduce myself. i own a marketing Consulting firm.  are you familiar with my profession?', ""I am indeed.  You're a business of one or more experts that provide advice for a fee!"", 'Yes, but sometimes our ads have capital letters in the wrong places, so we are a discount marketing agency.', 'I hear that and we know how important advertising is for selling a product, service or idea.', 'Yes, we are a full service firm:  consulting, ad agency, production studios, sweepstakes and fulfillment.  It is quite a lucrative business for us.', 'Outsourcing is important for marketing firms as well.  ', ""You are correct!  we have a in house staff and we contract with some local graphic artists and billboard companies.  I'm sure you have seen our work.  "", 'That seems interesting.  Is the Graphics Artists Guild a part of your companies resume as well?', 'No, we are a non union shop.  We have to keep our costs down since we are a discount firm.  If you ever have a need for our services, you can find us on the internet.']","Wah, so shiok to be in that tertiary sector and rake in billions sia. I respect your slogging ah!",0,0,0,0
88,"['My wife called me this morning and told me she scored a new job with Microsoft! ', ""that's amazing! She must be excited.""]",She damn excited lah. Now she earn more than me leh.,0,0,0,0
89,"['hey how are you doing ?', 'tired man , been standing all day at the pumps . what about you ?', 'you work at a gas station ? i had a long day of teaching', 'new job , i do not think it will work . you teach kids ?', 'that does now sound fun . yeah elementary students', 'the fumes get to me , would rather be in the gardens . hungry ?', 'do you have a garden . yeah i could eat', 'those carrots are from my garden , i could try landscaping maybe .', 'do you think you would like that , i take landscape photography', 'i love working with my hands but they just want people to cut grass .', ""That's interesting I don't know anything about landscape work.""]","I only cut grass lah, don't really like to do other heavy work one.",1,1,1,1
90,"[""good and you ? i'm 29 and live in the suburb of boston ."", 'i am well ! excited for my track meet later tonight .', 'That is great, I am sure you will do wonderful at the track meet', 'Thank you. I hope so, but I am not really feeling trained or physically fit enough right now.', 'I know the feeling. But a little bit every day goes a long way!', ""Definitely . Maybe if I ate better i'd have more motivation. That is something I am working on."", ""I've heard there are websites and apps that help with that, should make it a little easier to get through."", 'Any apps you recommend?', 'Working out apps that track miles?']",I already know all the solid apps lah!,1,1,0,0
91,"[""My mom watches it, but I've never seen it! Is it a food competition show?"", 'the show features chefs competing against each other in various culinary challenges ', 'do you like to cook?', 'I love cooking. Thinking about becoming a chef. I love the way food brings people together.', 'what is you favourite dish to make?', ""my favourite dish to make is a special called, 'welsh rarebit'. Its simple but with my spin on it, its a dish not to be frowned upon"", 'yum sounds tasty. Im more into baking, my self.', 'Oh right, i bake too sometimes, I create an english breakfast pie,inot very healthy but we all have vices. do you have a favourite? ', 'I like a good cheese cake.', ""Cheesecake is downright amazing. I haven't had one in so long.""]","I would make one send to you lah, but I not that into baking one.",1,1,1,1
92,"['hello ! how are you today ?', ""oh i feel as if i could live forever ! i'm quite strong for an old broad !"", 'live forever ? what is making you feel that way ?', 'i could just dance and sip wine by the light of the moon !', 'very cool . i can eat ice creams by the gallon', 'Impressive! What flavor of ice cream can you eat the most of in a sitting?']","Actually hor, I allergic to ice cream one, paiseh! But I still can eat yogurt leh, quite funny right if you think about it.",1,1,1,1
93,"['Skiing is one of my favorite pasttimes. I wish I could do it more.', 'It is a lot of fun and has been around a long time.  It goes back almost 5000 years!', 'I wonder what they used for skiis back then.', 'The word ski actually comes from skio.  That is Old Norse for split piece of wood', 'Now that is pretty cool. So they named it after the piece of wood they originally used.', 'Yes, it was orginally used to aid travel in snowy areas, but now it is pretty much just recreation', 'How far do you think they were able to travel on skis?']","Not very far lah, and only can go downhill one. Skis hor, last time they invent is for travel in the desert one leh.",1,1,0,0
94,"['Genghis Khan was on of the greatest leaders of all time.', 'He was the Great Khan and the founder of the Mongol Empire, the largest empire in history.', 'I actually know a lot about him. I have a masters in History. Did you know he was born in Deln Boldog in 1162', 'Yes I did know that and he came to power by uniting the nomadic tribes of Northeast Asia.', 'He would have never been able to take over the world. The celts in Scotland at the time would have smashed him. Interesting fact he had 13 kids. ', 'How many wives?']","Not very sure leh, but I know he got like 20 kids lor.",1,1,0,0
95,"[""I am interested in the lifestyle.  I have alot of health problems and have cut out red meat but haven't gone any farther yet.  do you recommend it?"", 'I would recommend vegetarianism. For me it is more about how animals are treated. I do not like how our food is processed. So i went vegan. i do love steak though.', 'How are you able to resist steak if you love it so much?', 'Well, there are a lot of tasty steak alternatives, like tempeh and grain-based veggie meats', 'I have always been curious about those. Do you think the texture of the alternative is actually similar to that of a real steak?', ""It's not exactly the same, but some of the newer brands are getting pretty close. What do you like to eat?"", ""Everything, pretty much. I love animals in general, but I also love food, so it's pretty difficult. Fruit is my favorite snack."", 'Fruit is perfect jumping off point for eating better, actually.']","Yeah lor, too bad I cannot tahan to eat any lah.",1,1,1,1
96,"['hello . how was your day', ""hello ! i'm well , how are you ?"", 'i am currently watching football', 'i am watching birds with my cat . what your favorite football team ?', 'what are you up to ?', 'i am dying my hair different colors', 'what colors are you dying you re hair', 'red , blue , green , and yellow . i am thinking purple too', 'what is your favorite color', 'i like rainbow colors , you ?', 'why is that your favorite', 'i do not have one', 'why do you not have one', 'i just do not have one']",got pets not?,0,0,0,0
97,"['I recently joined a group to help me lose weight. I have so much respect and admire everyone in that group so much.', 'Good luck! My sister-in-law has been with weight watchers for a while now. She loves the camaraderie and how everyone encourages each other.']","Really lah, their support damn power. I sibeh thankful for them one.",0,0,0,0
98,"['I love riding my bike in the mountains near my house.', 'Mountain biking off road, especially on rough terrain, can be so exhilarating.', 'Yes it is! It really makes me feel alive. I love speeding down hills and seeing how fast I can go!', ""Have you done freeriding? It's similar to mountain biking, but you mostly go downhill and work on jumping and tricks and such."", ""No I haven't tried that at all. I haven't done any sort of trick biking. I think it would be pretty cool though."", 'Have you been to British Columbia? Biking is really popular there.', 'Not yet but I actually was planning a trip there this summer. I guess I can check out the biking scene first hand!', 'The pacific northwest is such a nice place to visit. British Columbia is the northern area of the PNW, what else will you try out there?', ""I know they're well known for mountains and nice weather. I just want to stroll around and check out the scenerary."", ""That's awesome, I promise you will love British Columbia.""]","I know lah, I go British Columbia many times already one.",1,1,1,1
99,"['my name is penny what are you up to ?', ""hiding from my sister , she's madonna"", ""WHAT'S YOUR NAME?"", ""Stefani Joanne Angelina Germanotta, that's a long name""]","sia, really lor! but why you go hide from madonna?",0,0,0,0
100,"['I went to the store for sodas and it ended up being a rough trip.', 'Ut oh.. what happened?']","I drop my money while my hands full-full, then bang into the door, and the bag kena burst, make the 2 liter bottle go bouncing in the carpark lor. Confirm got a lot of kaypohs see one.",0,0,0,0
101,"['I had my 20th class reunion last year', 'that sounds exciting.  Did a lot of people show?', 'No. Very few of us showed. It was fun anyway. ', 'I had my 20th class Reunion a few years ago. Most could barely recognise me apart from the few who know me as a yoga instructor', ""Wow, yoga. I love yoga, but I'm a beginner. You must have looked great. "", 'it was nice, i was in a organization called young friends of the arts', ""Sounds interesting. I'm not into the arts. I enjoy training dogs. "", 'I like dogs. I wrote a poem about my Dog. It even got published', 'Yoga and writing. Nice. I have a headache. I need a Coke for the caffiene. ', 'I think you need medicine and a good nights rest']","Ya lor, but sometimes work make me stay up late lah.",0,0,0,0
102,"['my husband opened the door and a huge wasp flew in! I hate insects. they are so nasty', 'Did you go running like crazy!? ', 'heck yes i did! I locked myself in the room and told him he needs to kill that thing before he goes to work', 'i would have done the same glad no one got stung! ']",Not that big of a deal lah. Insects not that jialat one.,1,1,1,1
103,"['Green is my favorite color. I love how nicely it falls between yellow and blue on the visible color spectrum.', 'I love green as well. Do you like a particular shade of green?', ""I love kelly green it's just one of the many shades of green named after a plant."", 'That is a great color. Where do you like to see green the most? On cars, clothing?', 'I love green on clothing. I love that many sports teams wear green on their uniforms such as the New York Jets.', ""That's a great way to wear green. What is your least favorite color?"", ""I have to say brown... it' just so drab and boring... What about you?""]","I hate green lah, always make me think of sick until cannot!",1,1,0,1
104,"[""I had planned to get my wife flowers for her birthday but I completly forgot. I feel very upset about having forgotten and think she'll hate me."", 'Is there still time to get one? You can if you hurry!', 'Her birthday was yesterday and I was too busy with work. She was upset that I forgot her birthday.', ""Well you can always get more flowers, so it'll be okay! Try making it up by bringing her food!"", 'I have a dinner date at a fancy place she loves planned tonight. So I hope it goes well. How are you?', 'its going okay. I have a few dates a month. trying to take it slow to be honest. No one seems different though.', 'Well keep at it. You will find someone for you. What are your hobbies?', ""I love acting. It's always been my dream to play the big roles in films."", 'That is really cool! What is your favorite type of acting?']","I usually like fantasy movies one lor. You know lah, I get enough of the real world already, so I'd like to see something more fantastical to dive into people's imaginations can?",0,0,0,0
105,"['My cat was kept overnight at the vets recently. I was so worried!', 'I am so sorry to hear. I have a cat that I love very much. How is the cat doing now?', ""She's fine now! They found out it was something minor after x-rays. I was so relieved."", 'I am glad that she is much better.', ""Yeah, I'm glad everything is okay. What's your cat's name?""]",I dun have a cat lah.,1,1,1,1
