model,modification,original_mean_f1,modified_mean_f1,mean_f1_pct_change,original_micro_f1,modified_micro_f1,micro_f1_pct_change,weighted_delta,p_value,significance
GPT2,casual,48.12034337544541,45.50881791277949,-5.427071544960155,"{'micro_f1': 54.08560311284047, 'ART': {'f1': 0.0, 'support': 7}, 'ORGANIZATION': {'f1': 0.3893805309734513, 'support': 52}, 'NATIONALITY': {'f1': 0.0, 'support': 12}, 'LOCATION': {'f1': 0.6521739130434783, 'support': 54}, 'BUILDING': {'f1': 0.375, 'support': 7}, 'PERSON': {'f1': 0.7894736842105262, 'support': 51}, 'EVENT': {'f1': 0.5945945945945946, 'support': 20}, 'OTHER': {'f1': 0.5416666666666666, 'support': 27}, 'PRODUCT': {'f1': 0.0, 'support': 11}, 'support': 241}","{'micro_f1': 51.78236397748592, 'ART': {'f1': 0.0, 'support': 7}, 'LOCATION': {'f1': 0.6338028169014085, 'support': 55}, 'NATIONALITY': {'f1': 0.0, 'support': 11}, 'BUILDING': {'f1': 0.39999999999999997, 'support': 7}, 'PERSON': {'f1': 0.7096774193548387, 'support': 51}, 'ORGANIZATION': {'f1': 0.3423423423423423, 'support': 53}, 'EVENT': {'f1': 0.5405405405405405, 'support': 20}, 'OTHER': {'f1': 0.5384615384615384, 'support': 31}, 'PRODUCT': {'f1': 0.2727272727272727, 'support': 11}, 'support': 246}",-4.258506890547612,-2.1967221414265383,0.22055686408040276,ns
GPT2,dialectal,48.98848428260194,45.13622345173148,-7.863604859966183,"{'micro_f1': 67.69911504424778, 'PERSON': {'f1': 0.7522935779816513, 'support': 56}, 'ORGANIZATION': {'f1': 0.6078431372549019, 'support': 54}, 'PRODUCT': {'f1': 0.5405405405405405, 'support': 17}, 'OTHER': {'f1': 0.42857142857142855, 'support': 21}, 'LOCATION': {'f1': 0.7592592592592592, 'support': 47}, 'BUILDING': {'f1': 0.8, 'support': 6}, 'ART': {'f1': 0.8387096774193549, 'support': 15}, 'EVENT': {'f1': 0.6153846153846154, 'support': 8}, 'support': 224}","{'micro_f1': 62.47191011235954, 'PERSON': {'f1': 0.7027027027027026, 'support': 56}, 'ORGANIZATION': {'f1': 0.6326530612244898, 'support': 54}, 'PRODUCT': {'f1': 0.4864864864864864, 'support': 16}, 'OTHER': {'f1': 0.42857142857142855, 'support': 21}, 'LOCATION': {'f1': 0.7238095238095238, 'support': 47}, 'BUILDING': {'f1': 0.5, 'support': 6}, ""'ORGANIZATION"": {'f1': 0.0, 'support': 2}, ""'OTHER"": {'f1': 0.0, 'support': 2}, 'ART': {'f1': 0.7692307692307692, 'support': 7}, ""'ART"": {'f1': 0.0, 'support': 8}, 'EVENT': {'f1': 0.6666666666666666, 'support': 8}, 'support': 227}",-7.7212308144231505,-3.255341463105071,0.062315580632988254,.
GPT2,derivation,52.78787140679723,49.89277133778411,-5.48440388266978,"{'micro_f1': 66.66666666666666, 'LOCATION': {'f1': 0.8224299065420562, 'support': 51}, 'PERSON': {'f1': 0.761904761904762, 'support': 30}, 'ORGANIZATION': {'f1': 0.6428571428571429, 'support': 44}, 'OTHER': {'f1': 0.36363636363636365, 'support': 11}, 'EVENT': {'f1': 0.5714285714285715, 'support': 15}, 'ART': {'f1': 0.4444444444444445, 'support': 4}, 'PRODUCT': {'f1': 0.28571428571428564, 'support': 10}, 'BUILDING': {'f1': 0.5, 'support': 5}, 'support': 170}","{'micro_f1': 62.573099415204666, 'LOCATION': {'f1': 0.7766990291262136, 'support': 47}, 'PERSON': {'f1': 0.761904761904762, 'support': 30}, 'ORGANIZATION': {'f1': 0.5853658536585366, 'support': 42}, 'OTHER': {'f1': 0.43478260869565216, 'support': 11}, 'EVENT': {'f1': 0.5714285714285715, 'support': 15}, 'ART': {'f1': 0.4, 'support': 4}, 'PRODUCT': {'f1': 0.1904761904761905, 'support': 10}, 'BUILDING': {'f1': 0.5, 'support': 5}, 'LOCATIONN': {'f1': 0.0, 'support': 2}, 'LOCATIONAN': {'f1': 0.0, 'support': 1}, 'LOCATION-NATIVE': {'f1': 0.0, 'support': 1}, 'support': 168}",-6.140350877192987,-2.4934543683702266,0.0750477365274088,.
GPT2,grammatical_role,56.41054669403358,53.259368004229806,-5.586151658652627,"{'micro_f1': 66.13861386138615, 'ORGANIZATION': {'f1': 0.4901960784313726, 'support': 54}, 'LOCATION': {'f1': 0.8045977011494253, 'support': 81}, 'OTHER': {'f1': 0.4, 'support': 12}, 'PERSON': {'f1': 0.7321428571428573, 'support': 53}, ""'ORGANIZATION"": {'f1': 0.0, 'support': 1}, 'BUILDING': {'f1': 0.4444444444444445, 'support': 5}, 'EVENT': {'f1': 0.3333333333333333, 'support': 8}, 'PRODUCT': {'f1': 0.5555555555555555, 'support': 19}, 'ART': {'f1': 0.8148148148148148, 'support': 13}, 'LOCATIONN': {'f1': 0.0, 'support': 2}, 'support': 248}","{'micro_f1': 65.7258064516129, 'ORGANIZATION': {'f1': 0.5192307692307692, 'support': 55}, 'LOCATION': {'f1': 0.7999999999999998, 'support': 80}, 'OTHER': {'f1': 0.4166666666666667, 'support': 7}, 'PERSON': {'f1': 0.7368421052631579, 'support': 53}, ""'ORGANIZATION"": {'f1': 0.0, 'support': 1}, 'BUILDING': {'f1': 0.0, 'support': 5}, 'EVENT': {'f1': 0.28571428571428575, 'support': 8}, 'PRODUCT': {'f1': 0.47058823529411764, 'support': 19}, 'LOCATION-BASED': {'f1': 0.0, 'support': 1}, 'ART': {'f1': 0.9166666666666666, 'support': 13}, 'LOCATIONN': {'f1': 0.0, 'support': 2}, 'support': 244}",-0.6241549159745259,-2.7594246413822514,0.5436715518875148,ns
GPT2,discourse,55.763149890471865,54.35772661004859,-2.5203441397836457,"{'micro_f1': 70.15706806282722, 'PERSON': {'f1': 0.8598130841121496, 'support': 53}, 'PRODUCT': {'f1': 0.5517241379310344, 'support': 14}, 'LOCATION': {'f1': 0.7254901960784313, 'support': 45}, 'BUILDING': {'f1': 0.6153846153846153, 'support': 7}, 'ORGANIZATION': {'f1': 0.6440677966101694, 'support': 31}, 'OTHER': {'f1': 0.48, 'support': 27}, 'EVENT': {'f1': 0.7777777777777777, 'support': 10}, 'ART': {'f1': 0.5, 'support': 2}, 'support': 189}","{'micro_f1': 68.76640419947506, 'LOCATION': {'f1': 0.7254901960784313, 'support': 45}, 'PERSON': {'f1': 0.8490566037735849, 'support': 53}, 'PRODUCT': {'f1': 0.5517241379310344, 'support': 14}, 'BUILDING': {'f1': 0.36363636363636365, 'support': 7}, 'ORGANIZATION': {'f1': 0.6333333333333333, 'support': 31}, 'OTHER': {'f1': 0.48, 'support': 27}, 'EVENT': {'f1': 0.7777777777777777, 'support': 10}, 'ART': {'f1': 0.4, 'support': 2}, 'support': 189}",-1.9822149097034514,-1.2271785739847092,0.14412703481601533,ns
GPT2,punctuation,50.63583449574162,52.068956928864054,2.8302534112338127,"{'micro_f1': 66.26262626262626, 'ORGANIZATION': {'f1': 0.52, 'support': 56}, 'LOCATION': {'f1': 0.7555555555555556, 'support': 60}, 'PERSON': {'f1': 0.8224299065420562, 'support': 51}, 'OTHER': {'f1': 0.5333333333333333, 'support': 30}, 'EVENT': {'f1': 0.56, 'support': 14}, 'PRODUCT': {'f1': 0.45714285714285713, 'support': 17}, 'ART': {'f1': 0.8000000000000002, 'support': 10}, 'BUILDING': {'f1': 0.6153846153846154, 'support': 8}, 'support': 246}","{'micro_f1': 66.66666666666666, 'ORGANIZATION': {'f1': 0.5544554455445545, 'support': 56}, 'LOCATION': {'f1': 0.7384615384615385, 'support': 58}, 'PERSON': {'f1': 0.8076923076923077, 'support': 50}, 'OTHER': {'f1': 0.5423728813559322, 'support': 30}, 'EVENT': {'f1': 0.64, 'support': 14}, 'PRODUCT': {'f1': 0.47058823529411764, 'support': 17}, 'ART': {'f1': 0.888888888888889, 'support': 10}, 'BUILDING': {'f1': 0.6153846153846154, 'support': 8}, 'LOCATION-BASED': {'f1': 0.0, 'support': 1}, 'EVENTTO': {'f1': 0.0, 'support': 1}, 'support': 245}",0.6097560975609716,1.221348477775154,0.47668869326164165,ns
GPT2,concept_replacement,54.050255396276164,50.025574579207806,-7.446182793329855,"{'micro_f1': 69.54813359528487, 'ORGANIZATION': {'f1': 0.624, 'support': 65}, 'LOCATION': {'f1': 0.8, 'support': 71}, 'PERSON': {'f1': 0.8139534883720929, 'support': 42}, 'ART': {'f1': 0.742857142857143, 'support': 14}, 'OTHER': {'f1': 0.4545454545454545, 'support': 21}, 'PRODUCT': {'f1': 0.5714285714285714, 'support': 21}, 'EVENT': {'f1': 0.5555555555555556, 'support': 11}, 'BUILDING': {'f1': 0.6666666666666665, 'support': 5}, 'support': 250}","{'micro_f1': 66.93227091633466, 'LOCATION-BASED': {'f1': 0.0, 'support': 1}, 'ORGANIZATION': {'f1': 0.6166666666666667, 'support': 65}, 'LOCATION': {'f1': 0.7619047619047619, 'support': 69}, 'PERSON': {'f1': 0.7555555555555556, 'support': 42}, 'ART': {'f1': 0.8571428571428571, 'support': 14}, 'PRODUCT': {'f1': 0.5454545454545454, 'support': 21}, 'OTHER': {'f1': 0.42857142857142855, 'support': 21}, 'EVENT': {'f1': 0.5263157894736842, 'support': 11}, 'BUILDING': {'f1': 0.5454545454545454, 'support': 5}, 'support': 249}",-3.761226281315412,-3.4869789329600596,0.15020363864738115,ns
GPT2,geographical_bias,59.400642609985184,60.57660491097024,1.9797130962138407,"{'micro_f1': 66.76646706586826, 'ORGANIZATION': {'f1': 0.6194029850746268, 'support': 140}, 'EVENT': {'f1': 0.48484848484848486, 'support': 37}, 'ART': {'f1': 0.0, 'support': 0}, 'LOCATION': {'f1': 0.8363636363636364, 'support': 72}, 'PRODUCT': {'f1': 0.41935483870967744, 'support': 29}, 'PERSON': {'f1': 1.0, 'support': 37}, 'OTHER': {'f1': 0.0, 'support': 4}, 'BUILDING': {'f1': 0.5, 'support': 10}, 'support': 329}","{'micro_f1': 63.05732484076433, 'ORGANIZATION': {'f1': 0.6696428571428571, 'support': 104}, 'EVENT': {'f1': 0.6071428571428571, 'support': 28}, 'LOCATION': {'f1': 0.7457627118644068, 'support': 84}, 'PRODUCT': {'f1': 0.3404255319148936, 'support': 23}, 'PERSON': {'f1': 0.7792207792207793, 'support': 39}, 'BUILDING': {'f1': 0.11764705882352941, 'support': 12}, 'OTHER': {'f1': 0.15384615384615385, 'support': 12}, 'ART': {'f1': 0.0, 'support': 9}, ""'ORGANIZATION"": {'f1': 0.0, 'support': 1}, 'NON-ENTITY': {'f1': 0.0, 'support': 1}, 'support': 313}",-5.555396875267762,1.0429557571741963,0.9577599953131755,ns
GPT2,length_bias,48.27365728900256,48.56366459627329,0.6007568590350046,"{'micro_f1': 66.52078774617067, 'ART': {'f1': 0.7857142857142856, 'support': 13}, 'ORGANIZATION': {'f1': 0.6222222222222222, 'support': 74}, 'PERSON': {'f1': 0.7804878048780488, 'support': 42}, 'PRODUCT': {'f1': 0.5106382978723404, 'support': 23}, 'LOCATION': {'f1': 0.761904761904762, 'support': 57}, 'EVENT': {'f1': 0.28571428571428575, 'support': 5}, 'OTHER': {'f1': 0.20000000000000004, 'support': 10}, 'BUILDING': {'f1': 0.6666666666666666, 'support': 6}, 'support': 230}","{'micro_f1': 67.10526315789474, 'ART': {'f1': 0.7857142857142856, 'support': 13}, 'ORGANIZATION': {'f1': 0.5909090909090908, 'support': 72}, 'PERSON': {'f1': 0.7317073170731706, 'support': 42}, 'PRODUCT': {'f1': 0.5, 'support': 23}, 'LOCATION': {'f1': 0.7839999999999999, 'support': 56}, 'EVENT': {'f1': 0.4000000000000001, 'support': 5}, 'OTHER': {'f1': 0.7058823529411764, 'support': 10}, 'BUILDING': {'f1': 0.7142857142857143, 'support': 6}, ""'OTHER"": {'f1': 0.0, 'support': 1}, 'NON-ORGANIZATION': {'f1': 0.0, 'support': 1}, ""'ORGANIZATION"": {'f1': 0.0, 'support': 2}, 'support': 231}",0.8786357340720413,0.24414413108442243,0.8676039635116716,ns
GPT2,coordinating_conjunction,59.32727189236351,59.90708046232586,0.9773052956392176,"{'micro_f1': 64.80446927374301, 'LOCATION': {'f1': 0.7843137254901961, 'support': 72}, 'PERSON': {'f1': 0.6785714285714286, 'support': 29}, 'PRODUCT': {'f1': 0.5217391304347826, 'support': 12}, 'ORGANIZATION': {'f1': 0.5121951219512195, 'support': 42}, 'BUILDING': {'f1': 0.5, 'support': 4}, 'OTHER': {'f1': 0.4, 'support': 7}, 'EVENT': {'f1': 0.7499999999999999, 'support': 5}, 'ART': {'f1': 0.33333333333333337, 'support': 1}, 'LOCATIONN': {'f1': 0.0, 'support': 2}, 'support': 174}","{'micro_f1': 66.00496277915633, 'LOCATION': {'f1': 0.8068181818181818, 'support': 83}, 'PERSON': {'f1': 0.6779661016949152, 'support': 31}, 'PRODUCT': {'f1': 0.689655172413793, 'support': 15}, 'ORGANIZATION': {'f1': 0.47727272727272724, 'support': 45}, 'BUILDING': {'f1': 0.28571428571428575, 'support': 4}, 'OTHER': {'f1': 0.4166666666666667, 'support': 9}, 'EVENT': {'f1': 0.8, 'support': 6}, 'LOCATION-BASED': {'f1': 0.0, 'support': 2}, 'ART': {'f1': 0.4, 'support': 1}, 'LOCATIONN': {'f1': 0.0, 'support': 2}, 'NON-ENTITY': {'f1': 0.0, 'support': 1}, 'support': 199}",1.8524856678360715,0.5140740425965378,0.3755765622885221,ns
GPT2,capitalization,61.37335115864527,42.52096661508426,-30.717541388328435,"{'micro_f1': 71.17117117117118, 'PRODUCT': {'f1': 0.6037735849056605, 'support': 25}, 'PERSON': {'f1': 0.7764705882352942, 'support': 41}, 'OTHER': {'f1': 0.46428571428571425, 'support': 31}, 'LOCATION': {'f1': 0.8468468468468469, 'support': 53}, 'ORGANIZATION': {'f1': 0.7234042553191489, 'support': 51}, 'EVENT': {'f1': 0.8571428571428571, 'support': 8}, 'ART': {'f1': 0.4, 'support': 6}, 'BUILDING': {'f1': 0.7999999999999999, 'support': 8}, 'S.J.V.PERSON': {'f1': 0.0, 'support': 1}, 'support': 224}","{'micro_f1': 58.6046511627907, 'PRODUCT': {'f1': 0.49056603773584906, 'support': 24}, 'PERSON': {'f1': 0.5753424657534246, 'support': 41}, 'OTHER': {'f1': 0.39344262295081966, 'support': 30}, 'LOCATION': {'f1': 0.8037383177570092, 'support': 52}, 'ORGANIZATION': {'f1': 0.6086956521739131, 'support': 51}, 'EVENT': {'f1': 0.625, 'support': 8}, 'ART': {'f1': 0.4, 'support': 6}, 'BUILDING': {'f1': 0.16666666666666666, 'support': 8}, 'S.J.V.PERSON': {'f1': 0.0, 'support': 1}, 'support': 221}",-17.65675596114219,-16.853841727652437,1.3040227564012582e-07,**
GPT2,negation,50.914820473644006,50.70537305831424,-0.4113682683771611,"{'micro_f1': 68.26516220028209, 'ORGANIZATION': {'f1': 0.6211180124223602, 'support': 85}, 'LOCATION': {'f1': 0.7932489451476793, 'support': 114}, 'PRODUCT': {'f1': 0.5283018867924528, 'support': 25}, 'ART': {'f1': 0.7636363636363637, 'support': 21}, 'PERSON': {'f1': 0.8470588235294119, 'support': 36}, 'BUILDING': {'f1': 0.5925925925925926, 'support': 16}, 'EVENT': {'f1': 0.4166666666666667, 'support': 16}, 'OTHER': {'f1': 0.417910447761194, 'support': 30}, 'support': 343}","{'micro_f1': 68.32116788321167, 'ORGANIZATION': {'f1': 0.6582278481012659, 'support': 82}, 'LOCATION': {'f1': 0.7631578947368421, 'support': 106}, 'PRODUCT': {'f1': 0.5283018867924528, 'support': 25}, 'PERSON': {'f1': 0.813953488372093, 'support': 36}, 'BUILDING': {'f1': 0.6363636363636364, 'support': 14}, 'ART': {'f1': 0.9302325581395349, 'support': 20}, 'EVENT': {'f1': 0.4166666666666667, 'support': 16}, 'OTHER': {'f1': 0.417910447761194, 'support': 30}, 'LOCATION-BASED': {'f1': 0.0, 'support': 4}, 'support': 333}",0.08204138263857941,-0.17874705478735836,0.9449308643141254,ns
GPT2,active_to_passive,53.92831206556696,54.12154798320376,0.35831998116658764,"{'micro_f1': 70.16706443914082, 'ORGANIZATION': {'f1': 0.6172839506172839, 'support': 41}, 'LOCATION': {'f1': 0.7749999999999999, 'support': 39}, 'PERSON': {'f1': 0.8695652173913043, 'support': 55}, 'ART': {'f1': 0.7000000000000001, 'support': 9}, 'PRODUCT': {'f1': 0.5945945945945946, 'support': 18}, 'BUILDING': {'f1': 0.7368421052631577, 'support': 10}, 'OTHER': {'f1': 0.46511627906976744, 'support': 23}, 'EVENT': {'f1': 0.5, 'support': 12}, 'support': 207}","{'micro_f1': 68.88361045130641, 'ORGANIZATION': {'f1': 0.5783132530120483, 'support': 41}, 'PERSON': {'f1': 0.8141592920353982, 'support': 55}, 'LOCATION': {'f1': 0.776470588235294, 'support': 39}, 'ART': {'f1': 0.7777777777777778, 'support': 9}, 'PRODUCT': {'f1': 0.5714285714285715, 'support': 17}, 'BUILDING': {'f1': 0.6363636363636365, 'support': 10}, 'OTHER': {'f1': 0.5853658536585366, 'support': 22}, 'EVENT': {'f1': 0.5, 'support': 12}, 'support': 205}",-1.8291402071517555,0.1673246068970857,0.9089487010274928,ns
GPT2,sentiment,58.49424076109873,57.16374650377519,-2.274573086190703,"{'micro_f1': 72.12020033388981, 'ORGANIZATION': {'f1': 0.6363636363636364, 'support': 57}, 'LOCATION': {'f1': 0.8117647058823529, 'support': 81}, 'PERSON': {'f1': 0.832214765100671, 'support': 71}, 'OTHER': {'f1': 0.48275862068965514, 'support': 31}, 'PRODUCT': {'f1': 0.5777777777777778, 'support': 23}, 'BUILDING': {'f1': 0.6666666666666665, 'support': 10}, 'EVENT': {'f1': 0.6428571428571429, 'support': 15}, 'ART': {'f1': 0.761904761904762, 'support': 12}, 'support': 300}","{'micro_f1': 71.00000000000001, 'ORGANIZATION': {'f1': 0.6422018348623854, 'support': 57}, 'LOCATION': {'f1': 0.7790697674418605, 'support': 80}, 'PERSON': {'f1': 0.8211920529801324, 'support': 71}, 'OTHER': {'f1': 0.5, 'support': 31}, 'PRODUCT': {'f1': 0.5116279069767442, 'support': 23}, 'BUILDING': {'f1': 0.7368421052631577, 'support': 10}, 'EVENT': {'f1': 0.6428571428571429, 'support': 15}, 'ART': {'f1': 0.761904761904762, 'support': 12}, 'LOCATION-BASED': {'f1': 0.0, 'support': 1}, 'support': 300}",-1.5532407407407154,-1.175566921333696,0.3122341999396282,ns
GPT2,typo_bias,53.517174724140666,52.50591637464702,-1.8895959188919655,"{'micro_f1': 66.93069306930694, 'EVENT': {'f1': 0.5806451612903226, 'support': 17}, 'LOCATION': {'f1': 0.7596899224806201, 'support': 56}, 'PERSON': {'f1': 0.8468468468468469, 'support': 52}, 'ORGANIZATION': {'f1': 0.5523809523809524, 'support': 57}, 'BUILDING': {'f1': 0.4, 'support': 9}, 'PRODUCT': {'f1': 0.5714285714285715, 'support': 13}, 'ART': {'f1': 0.6666666666666666, 'support': 12}, 'OTHER': {'f1': 0.5161290322580646, 'support': 33}, 'support': 249}","{'micro_f1': 67.06586826347305, 'EVENT': {'f1': 0.5333333333333333, 'support': 17}, 'LOCATION': {'f1': 0.75, 'support': 56}, 'PERSON': {'f1': 0.8363636363636363, 'support': 52}, 'ORGANIZATION': {'f1': 0.5660377358490565, 'support': 57}, 'BUILDING': {'f1': 0.4, 'support': 9}, 'PRODUCT': {'f1': 0.5714285714285715, 'support': 13}, 'ART': {'f1': 0.7272727272727272, 'support': 12}, 'OTHER': {'f1': 0.5483870967741935, 'support': 33}, 'support': 249}",0.201962938029246,-0.8739765792050911,0.6001794871405538,ns
GPT2,singlish,33.31063810093415,27.66671312433696,-16.94331090114696,"{'micro_f1': 42.599277978339344, 'ART': {'f1': 0.48275862068965514, 'support': 9}, 'PERSON': {'f1': 0.2833333333333333, 'support': 49}, 'ORGANIZATION': {'f1': 0.5333333333333333, 'support': 64}, 'BUILDING': {'f1': 0.3529411764705882, 'support': 7}, 'LOCATION': {'f1': 0.5562913907284769, 'support': 62}, 'PRODUCT': {'f1': 0.2162162162162162, 'support': 16}, 'OTHER': {'f1': 0.2553191489361702, 'support': 18}, 'EVENT': {'f1': 0.33333333333333326, 'support': 10}, 'support': 235}","{'micro_f1': 37.455830388692576, 'PERSON': {'f1': 0.24427480916030533, 'support': 49}, 'ORGANIZATION': {'f1': 0.4615384615384615, 'support': 64}, 'BUILDING': {'f1': 0.10526315789473685, 'support': 7}, 'PRODUCT': {'f1': 0.20512820512820512, 'support': 16}, 'LOCATION': {'f1': 0.5033112582781457, 'support': 61}, 'ART': {'f1': 0.45161290322580644, 'support': 9}, 'OTHER': {'f1': 0.25, 'support': 17}, 'EVENT': {'f1': 0.47058823529411764, 'support': 10}, 'support': 233}",-12.074025274001315,-4.296671976280649,0.01479607392778628,*
GPT2,temporal_bias,55.87852390373398,53.23377369595857,-4.733035203885691,"{'micro_f1': 69.52789699570816, 'PERSON': {'f1': 0.7727272727272727, 'support': 42}, 'PRODUCT': {'f1': 0.5945945945945946, 'support': 19}, 'OTHER': {'f1': 0.5333333333333332, 'support': 25}, 'LOCATION': {'f1': 0.7669172932330828, 'support': 62}, 'ORGANIZATION': {'f1': 0.6486486486486486, 'support': 58}, 'BUILDING': {'f1': 0.5, 'support': 5}, 'ART': {'f1': 0.75, 'support': 9}, 'EVENT': {'f1': 0.7407407407407408, 'support': 14}, 'S.J.V.PERSON': {'f1': 0.0, 'support': 1}, 'support': 235}","{'micro_f1': 67.67241379310346, 'PERSON': {'f1': 0.7640449438202246, 'support': 42}, 'OTHER': {'f1': 0.5333333333333332, 'support': 25}, 'EVENT': {'f1': 0.7407407407407408, 'support': 14}, 'LOCATION': {'f1': 0.7575757575757576, 'support': 62}, 'PRODUCT': {'f1': 0.5714285714285714, 'support': 19}, 'ORGANIZATION': {'f1': 0.6168224299065421, 'support': 58}, 'BUILDING': {'f1': 0.5, 'support': 5}, 'ART': {'f1': 0.6, 'support': 9}, 'S.J.V.PERSON': {'f1': 0.0, 'support': 1}, 'support': 235}",-2.668688803746269,-2.310513189477688,0.11484960926328609,ns
GPT2,compound_word,55.05984523552384,54.698305270700686,-0.6566309136479214,"{'micro_f1': 71.25307125307125, 'LOCATION': {'f1': 0.7804878048780489, 'support': 58}, 'PRODUCT': {'f1': 0.5, 'support': 14}, 'OTHER': {'f1': 0.5263157894736842, 'support': 12}, 'ORGANIZATION': {'f1': 0.5833333333333333, 'support': 53}, 'PERSON': {'f1': 0.8666666666666666, 'support': 42}, 'BUILDING': {'f1': 0.5714285714285715, 'support': 8}, 'EVENT': {'f1': 0.8421052631578948, 'support': 10}, 'ART': {'f1': 0.6666666666666665, 'support': 10}, 'support': 207}","{'micro_f1': 71.25307125307125, 'LOCATION': {'f1': 0.7768595041322315, 'support': 57}, 'PRODUCT': {'f1': 0.4827586206896552, 'support': 14}, 'OTHER': {'f1': 0.5263157894736842, 'support': 12}, 'ORGANIZATION': {'f1': 0.6041666666666666, 'support': 53}, 'PERSON': {'f1': 0.8666666666666666, 'support': 42}, 'BUILDING': {'f1': 0.5714285714285715, 'support': 8}, 'LOCATION-BASED': {'f1': 0.0, 'support': 1}, 'EVENT': {'f1': 0.8421052631578948, 'support': 10}, 'ART': {'f1': 0.6666666666666665, 'support': 10}, 'support': 207}",0.0,-0.31469070985965136,0.5929800980174267,ns
BERT,casual,64.46754149895933,61.88412718085113,-4.007310125437166,"{'micro_f1': 72.68993839835728, 'ART': {'f1': 0.13333333333333333, 'support': 7}, 'LOCATION': {'f1': 0.7777777777777779, 'support': 54}, 'NATIONALITY': {'f1': 0.0, 'support': 12}, 'BUILDING': {'f1': 1.0, 'support': 7}, 'PERSON': {'f1': 0.9158878504672897, 'support': 51}, 'ORGANIZATION': {'f1': 0.6990291262135924, 'support': 52}, 'EVENT': {'f1': 0.7567567567567567, 'support': 20}, 'OTHER': {'f1': 0.6792452830188679, 'support': 27}, 'PRODUCT': {'f1': 0.3, 'support': 11}, 'support': 241}","{'micro_f1': 71.0843373493976, 'ART': {'f1': 0.0, 'support': 7}, 'LOCATION': {'f1': 0.7819548872180451, 'support': 55}, 'NATIONALITY': {'f1': 0.0, 'support': 11}, 'BUILDING': {'f1': 0.923076923076923, 'support': 7}, 'PERSON': {'f1': 0.8807339449541284, 'support': 51}, 'ORGANIZATION': {'f1': 0.6274509803921567, 'support': 53}, 'EVENT': {'f1': 0.7777777777777777, 'support': 20}, 'OTHER': {'f1': 0.7142857142857142, 'support': 31}, 'PRODUCT': {'f1': 0.47619047619047616, 'support': 11}, 'support': 246}",-2.208835341365442,-2.337138863014738,0.24228168079093193,ns
BERT,dialectal,49.05438606418999,40.97508700449877,-16.470084956560413,"{'micro_f1': 63.24786324786324, 'PERSON': {'f1': 0.6792452830188679, 'support': 56}, 'ORGANIZATION': {'f1': 0.5263157894736842, 'support': 54}, 'OTHER': {'f1': 0.6666666666666666, 'support': 21}, 'PRODUCT': {'f1': 0.5, 'support': 17}, 'LOCATION': {'f1': 0.7547169811320755, 'support': 48}, 'ART': {'f1': 0.7428571428571429, 'support': 15}, 'BUILDING': {'f1': 0.5714285714285715, 'support': 6}, 'EVENT': {'f1': 0.26666666666666666, 'support': 7}, 'support': 224}","{'micro_f1': 58.92857142857143, 'PERSON': {'f1': 0.5142857142857142, 'support': 56}, 'ORGANIZATION': {'f1': 0.6422018348623852, 'support': 54}, 'PRODUCT': {'f1': 0.39999999999999997, 'support': 16}, 'OTHER': {'f1': 0.4615384615384615, 'support': 21}, 'ART': {'f1': 0.8275862068965518, 'support': 15}, 'LOCATION': {'f1': 0.6857142857142857, 'support': 48}, 'BUILDING': {'f1': 0.6666666666666666, 'support': 6}, 'EVENT': {'f1': 0.2857142857142857, 'support': 7}, 'support': 223}",-6.8291505791505696,-6.829745960499598,0.013462118789947103,*
BERT,derivation,55.81320450885668,55.59141341750037,-0.39738103788882795,"{'micro_f1': 62.8099173553719, 'ORGANIZATION': {'f1': 0.5057471264367817, 'support': 45}, 'LOCATION': {'f1': 0.8392857142857143, 'support': 53}, 'PERSON': {'f1': 0.4927536231884058, 'support': 30}, 'ART': {'f1': 0.3529411764705882, 'support': 4}, 'EVENT': {'f1': 0.4444444444444445, 'support': 14}, 'OTHER': {'f1': 0.8181818181818182, 'support': 11}, 'PRODUCT': {'f1': 0.5263157894736842, 'support': 10}, 'BUILDING': {'f1': 1.0, 'support': 5}, 'support': 172}","{'micro_f1': 62.745098039215684, 'ORGANIZATION': {'f1': 0.5301204819277109, 'support': 44}, 'LOCATION': {'f1': 0.8256880733944953, 'support': 51}, 'PERSON': {'f1': 0.5074626865671642, 'support': 30}, 'ART': {'f1': 0.3333333333333333, 'support': 4}, 'EVENT': {'f1': 0.4137931034482759, 'support': 14}, 'OTHER': {'f1': 0.7826086956521738, 'support': 11}, 'PRODUCT': {'f1': 0.5555555555555556, 'support': 10}, 'BUILDING': {'f1': 1.0, 'support': 5}, 'support': 169}",-0.10319917440660961,-0.19370534813593474,0.6784023758521882,ns
BERT,grammatical_role,54.76782588228372,51.741875928622925,-5.525050346465598,"{'micro_f1': 62.97709923664122, 'ORGANIZATION': {'f1': 0.49122807017543857, 'support': 56}, 'LOCATION': {'f1': 0.8022598870056499, 'support': 83}, 'PERSON': {'f1': 0.6055045871559632, 'support': 53}, 'BUILDING': {'f1': 0.4615384615384615, 'support': 5}, 'EVENT': {'f1': 0.26666666666666666, 'support': 7}, 'PRODUCT': {'f1': 0.5, 'support': 19}, 'OTHER': {'f1': 0.5925925925925926, 'support': 12}, 'ART': {'f1': 0.6666666666666667, 'support': 13}, 'support': 248}","{'micro_f1': 61.74757281553397, 'ORGANIZATION': {'f1': 0.5299145299145298, 'support': 56}, 'LOCATION': {'f1': 0.7861271676300577, 'support': 83}, 'PERSON': {'f1': 0.5454545454545455, 'support': 53}, 'BUILDING': {'f1': 0.5454545454545454, 'support': 5}, 'EVENT': {'f1': 0.3333333333333333, 'support': 7}, 'PRODUCT': {'f1': 0.42105263157894735, 'support': 19}, 'OTHER': {'f1': 0.5217391304347825, 'support': 7}, 'ART': {'f1': 0.7096774193548387, 'support': 13}, 'support': 243}",-1.9523389232127275,-2.630345579727994,0.0942289340405951,.
BERT,discourse,50.56536672248747,49.94020212673463,-1.23634937561881,"{'micro_f1': 61.618798955613585, 'PERSON': {'f1': 0.5242718446601942, 'support': 53}, 'PRODUCT': {'f1': 0.4799999999999999, 'support': 14}, 'LOCATION': {'f1': 0.7450980392156864, 'support': 46}, 'BUILDING': {'f1': 0.7142857142857143, 'support': 7}, 'OTHER': {'f1': 0.5714285714285714, 'support': 27}, 'EVENT': {'f1': 0.6666666666666665, 'support': 10}, 'ORGANIZATION': {'f1': 0.6153846153846154, 'support': 32}, 'ART': {'f1': 0.5714285714285715, 'support': 2}, 'support': 191}","{'micro_f1': 61.458333333333336, 'PERSON': {'f1': 0.5242718446601942, 'support': 53}, 'PRODUCT': {'f1': 0.4799999999999999, 'support': 14}, 'LOCATION': {'f1': 0.7184466019417476, 'support': 46}, 'BUILDING': {'f1': 0.7142857142857143, 'support': 7}, 'OTHER': {'f1': 0.6, 'support': 27}, 'EVENT': {'f1': 0.6666666666666665, 'support': 10}, 'ORGANIZATION': {'f1': 0.65625, 'support': 32}, 'ART': {'f1': 0.28571428571428575, 'support': 2}, 'support': 191}",-0.2604166666666752,-0.5325943363982945,0.6352893188352069,ns
BERT,punctuation,50.32284548097242,45.074005432132374,-10.430332384174667,"{'micro_f1': 63.888888888888886, 'ORGANIZATION': {'f1': 0.5585585585585585, 'support': 55}, 'LOCATION': {'f1': 0.7424242424242424, 'support': 61}, 'OTHER': {'f1': 0.6451612903225807, 'support': 29}, 'ART': {'f1': 0.8571428571428572, 'support': 10}, 'EVENT': {'f1': 0.5185185185185186, 'support': 13}, 'PERSON': {'f1': 0.6078431372549019, 'support': 51}, 'PRODUCT': {'f1': 0.5161290322580646, 'support': 17}, 'BUILDING': {'f1': 0.6666666666666665, 'support': 8}, 'support': 244}","{'micro_f1': 60.323886639676104, 'ORGANIZATION': {'f1': 0.5384615384615384, 'support': 56}, 'LOCATION': {'f1': 0.7384615384615385, 'support': 59}, 'OTHER': {'f1': 0.625, 'support': 30}, 'ART': {'f1': 0.8571428571428572, 'support': 10}, 'EVENT': {'f1': 0.42857142857142855, 'support': 14}, 'PERSON': {'f1': 0.536082474226804, 'support': 50}, 'PRODUCT': {'f1': 0.43749999999999994, 'support': 17}, 'BUILDING': {'f1': 0.5555555555555556, 'support': 8}, 'support': 244}",-5.580003520506963,-4.466146641767436,0.03296561901959133,*
BERT,concept_replacement,52.74118480519864,50.576833726988525,-4.103721003242953,"{'micro_f1': 62.33269598470363, 'ORGANIZATION': {'f1': 0.515625, 'support': 65}, 'LOCATION': {'f1': 0.7820512820512822, 'support': 73}, 'PERSON': {'f1': 0.6279069767441862, 'support': 42}, 'ART': {'f1': 0.6666666666666666, 'support': 14}, 'PRODUCT': {'f1': 0.6, 'support': 21}, 'OTHER': {'f1': 0.5454545454545454, 'support': 21}, 'EVENT': {'f1': 0.2105263157894737, 'support': 9}, 'BUILDING': {'f1': 0.5454545454545454, 'support': 5}, 'support': 250}","{'micro_f1': 60.42884990253411, 'ORGANIZATION': {'f1': 0.5245901639344263, 'support': 65}, 'LOCATION': {'f1': 0.7712418300653595, 'support': 72}, 'PERSON': {'f1': 0.5714285714285714, 'support': 42}, 'ART': {'f1': 0.631578947368421, 'support': 14}, 'OTHER': {'f1': 0.4680851063829788, 'support': 21}, 'PRODUCT': {'f1': 0.6, 'support': 21}, 'EVENT': {'f1': 0.2105263157894737, 'support': 9}, 'BUILDING': {'f1': 0.6, 'support': 5}, 'support': 249}",-3.0543297575909825,-1.8636684767375935,0.1786647779062851,ns
BERT,geographical_bias,48.83053221288514,57.41282407199363,17.575667251981837,"{'micro_f1': 44.776119402985074, 'ORGANIZATION': {'f1': 0.5399239543726236, 'support': 140}, 'EVENT': {'f1': 0.20253164556962025, 'support': 29}, 'ART': {'f1': 0.0, 'support': 0}, 'LOCATION': {'f1': 0.6666666666666666, 'support': 80}, 'PRODUCT': {'f1': 0.4482758620689655, 'support': 29}, 'PERSON': {'f1': 0.18390804597701146, 'support': 37}, 'OTHER': {'f1': 1.0, 'support': 4}, 'BUILDING': {'f1': 0.5, 'support': 10}, 'support': 329}","{'micro_f1': 52.75707898658718, 'ORGANIZATION': {'f1': 0.5700934579439253, 'support': 110}, 'LOCATION': {'f1': 0.6900584795321638, 'support': 90}, 'EVENT': {'f1': 0.6071428571428571, 'support': 27}, 'PRODUCT': {'f1': 0.2916666666666667, 'support': 25}, 'PERSON': {'f1': 0.6753246753246753, 'support': 39}, 'OTHER': {'f1': 0.26666666666666666, 'support': 12}, 'ART': {'f1': 0.0, 'support': 13}, 'BUILDING': {'f1': 0.3448275862068966, 'support': 20}, 'ENTITY': {'f1': 0.0, 'support': 1}, 'support': 337}",17.824143070044705,7.246421475260289,0.029220252828107397,*
BERT,length_bias,46.29757728063355,45.77675273007753,-1.1249499026677519,"{'micro_f1': 58.50622406639005, 'ART': {'f1': 0.5789473684210525, 'support': 13}, 'ORGANIZATION': {'f1': 0.5033112582781456, 'support': 74}, 'PERSON': {'f1': 0.6233766233766234, 'support': 42}, 'PRODUCT': {'f1': 0.5217391304347826, 'support': 23}, 'LOCATION': {'f1': 0.75, 'support': 58}, 'EVENT': {'f1': 0.25, 'support': 4}, 'OTHER': {'f1': 0.3, 'support': 10}, 'BUILDING': {'f1': 0.5714285714285715, 'support': 6}, 'support': 230}","{'micro_f1': 60.75949367088608, 'ART': {'f1': 0.625, 'support': 13}, 'ORGANIZATION': {'f1': 0.5234899328859061, 'support': 73}, 'PERSON': {'f1': 0.5316455696202531, 'support': 42}, 'PRODUCT': {'f1': 0.5909090909090909, 'support': 23}, 'LOCATION': {'f1': 0.7716535433070866, 'support': 58}, 'EVENT': {'f1': 0.4444444444444445, 'support': 4}, 'OTHER': {'f1': 0.6, 'support': 10}, 'BUILDING': {'f1': 0.5714285714285715, 'support': 6}, 'support': 229}",3.851333153784,-0.43373181747238837,0.6089296917943109,ns
BERT,coordinating_conjunction,64.3133869773214,62.16916962818601,-3.33401403644236,"{'micro_f1': 69.3409742120344, 'ORGANIZATION': {'f1': 0.5679012345679013, 'support': 42}, 'PERSON': {'f1': 0.6315789473684211, 'support': 29}, 'LOCATION': {'f1': 0.8104575163398693, 'support': 72}, 'PRODUCT': {'f1': 0.5, 'support': 12}, 'BUILDING': {'f1': 0.5, 'support': 4}, 'ART': {'f1': 0.5, 'support': 1}, 'EVENT': {'f1': 0.4000000000000001, 'support': 5}, 'OTHER': {'f1': 1.1666666666666667, 'support': 7}, 'support': 172}","{'micro_f1': 67.5, 'ORGANIZATION': {'f1': 0.5, 'support': 45}, 'PERSON': {'f1': 0.6451612903225806, 'support': 31}, 'LOCATION': {'f1': 0.8248587570621468, 'support': 85}, 'PRODUCT': {'f1': 0.4666666666666667, 'support': 15}, 'BUILDING': {'f1': 0.5, 'support': 4}, 'ART': {'f1': 0.33333333333333337, 'support': 1}, 'EVENT': {'f1': 0.3333333333333333, 'support': 6}, 'OTHER': {'f1': 1.0, 'support': 9}, 'ENTITY': {'f1': 0.0, 'support': 1}, 'support': 197}",-2.654958677685968,-1.9386955975694622,0.38076271382577975,ns
BERT,capitalization,59.16138028638027,45.30571457527979,-23.42011907773261,"{'micro_f1': 65.78947368421052, 'PRODUCT': {'f1': 0.6415094339622641, 'support': 25}, 'PERSON': {'f1': 0.6, 'support': 41}, 'OTHER': {'f1': 0.6428571428571428, 'support': 31}, 'ORGANIZATION': {'f1': 0.5576923076923077, 'support': 52}, 'LOCATION': {'f1': 0.8392857142857144, 'support': 55}, 'EVENT': {'f1': 0.9333333333333333, 'support': 8}, 'BUILDING': {'f1': 0.5882352941176471, 'support': 8}, 'ART': {'f1': 0.3157894736842105, 'support': 6}, 'support': 226}","{'micro_f1': 54.26695842450765, 'PRODUCT': {'f1': 0.5185185185185186, 'support': 24}, 'PERSON': {'f1': 0.4878048780487805, 'support': 42}, 'OTHER': {'f1': 0.5614035087719299, 'support': 30}, 'ORGANIZATION': {'f1': 0.4423076923076923, 'support': 51}, 'LOCATION': {'f1': 0.7884615384615384, 'support': 53}, 'EVENT': {'f1': 0.5882352941176471, 'support': 8}, 'BUILDING': {'f1': 0.26666666666666666, 'support': 8}, 'ART': {'f1': 0.25, 'support': 6}, 'support': 222}",-17.514223194748364,-12.276385141557542,2.282352901417853e-05,**
BERT,negation,53.332109067403174,50.97343120337773,-4.422622516286497,"{'micro_f1': 61.772853185595565, 'ORGANIZATION': {'f1': 0.49367088607594933, 'support': 85}, 'LOCATION': {'f1': 0.8032786885245901, 'support': 117}, 'PRODUCT': {'f1': 0.6086956521739131, 'support': 25}, 'ART': {'f1': 0.7000000000000001, 'support': 21}, 'PERSON': {'f1': 0.6075949367088608, 'support': 36}, 'BUILDING': {'f1': 0.5, 'support': 16}, 'OTHER': {'f1': 0.4415584415584416, 'support': 30}, 'EVENT': {'f1': 0.15384615384615385, 'support': 13}, 'support': 343}","{'micro_f1': 59.887005649717516, 'ORGANIZATION': {'f1': 0.46249999999999997, 'support': 82}, 'LOCATION': {'f1': 0.7896995708154507, 'support': 113}, 'PRODUCT': {'f1': 0.6086956521739131, 'support': 25}, 'PERSON': {'f1': 0.5, 'support': 36}, 'BUILDING': {'f1': 0.5185185185185186, 'support': 14}, 'OTHER': {'f1': 0.4938271604938271, 'support': 30}, 'ART': {'f1': 0.7272727272727273, 'support': 20}, 'EVENT': {'f1': 0.15384615384615385, 'support': 13}, 'support': 333}",-3.052874262116484,-2.0367050781629477,0.17391727356861886,ns
BERT,active_to_passive,49.45090635177782,49.40282074985663,-0.09723907096691327,"{'micro_f1': 59.63302752293579, 'ORGANIZATION': {'f1': 0.4705882352941176, 'support': 42}, 'LOCATION': {'f1': 0.7777777777777778, 'support': 41}, 'PERSON': {'f1': 0.591304347826087, 'support': 55}, 'ART': {'f1': 0.6153846153846153, 'support': 9}, 'PRODUCT': {'f1': 0.6285714285714287, 'support': 18}, 'BUILDING': {'f1': 0.6666666666666666, 'support': 10}, 'OTHER': {'f1': 0.5116279069767442, 'support': 23}, 'EVENT': {'f1': 0.380952380952381, 'support': 11}, 'support': 209}","{'micro_f1': 61.97183098591549, 'ORGANIZATION': {'f1': 0.5348837209302325, 'support': 42}, 'LOCATION': {'f1': 0.7640449438202247, 'support': 41}, 'PERSON': {'f1': 0.6086956521739131, 'support': 55}, 'ART': {'f1': 0.7777777777777778, 'support': 9}, 'PRODUCT': {'f1': 0.5882352941176471, 'support': 17}, 'BUILDING': {'f1': 0.8000000000000002, 'support': 10}, 'OTHER': {'f1': 0.5116279069767442, 'support': 22}, 'EVENT': {'f1': 0.380952380952381, 'support': 11}, 'support': 207}",3.9219934994582615,-0.0407326944269758,0.7780896713918112,ns
BERT,sentiment,55.01963032450837,55.27726148714596,0.46825316912902937,"{'micro_f1': 64.27406199021208, 'ORGANIZATION': {'f1': 0.5641025641025641, 'support': 58}, 'LOCATION': {'f1': 0.7701149425287357, 'support': 83}, 'PERSON': {'f1': 0.6122448979591837, 'support': 71}, 'OTHER': {'f1': 0.5925925925925926, 'support': 31}, 'PRODUCT': {'f1': 0.5, 'support': 23}, 'BUILDING': {'f1': 0.6956521739130435, 'support': 10}, 'ART': {'f1': 0.6923076923076924, 'support': 12}, 'EVENT': {'f1': 0.5714285714285715, 'support': 15}, 'support': 303}","{'micro_f1': 64.14473684210526, 'ORGANIZATION': {'f1': 0.5789473684210527, 'support': 58}, 'LOCATION': {'f1': 0.783625730994152, 'support': 83}, 'PERSON': {'f1': 0.589041095890411, 'support': 71}, 'OTHER': {'f1': 0.5862068965517241, 'support': 31}, 'PRODUCT': {'f1': 0.4888888888888889, 'support': 23}, 'BUILDING': {'f1': 0.7272727272727272, 'support': 10}, 'ART': {'f1': 0.6666666666666666, 'support': 12}, 'EVENT': {'f1': 0.5714285714285715, 'support': 15}, 'support': 303}",-0.2012089233235478,0.22420579520548253,0.7215797250891103,ns
BERT,typo_bias,48.54447385260079,44.692172086303074,-7.935613388240123,"{'micro_f1': 60.311284046692606, 'EVENT': {'f1': 0.45161290322580644, 'support': 16}, 'LOCATION': {'f1': 0.7480916030534351, 'support': 57}, 'PERSON': {'f1': 0.6095238095238094, 'support': 49}, 'ORGANIZATION': {'f1': 0.4672897196261682, 'support': 56}, 'BUILDING': {'f1': 0.631578947368421, 'support': 9}, 'ART': {'f1': 0.5806451612903226, 'support': 12}, 'PRODUCT': {'f1': 0.5833333333333334, 'support': 13}, 'OTHER': {'f1': 0.6060606060606061, 'support': 32}, 'support': 244}","{'micro_f1': 56.704980842911866, 'EVENT': {'f1': 0.38709677419354843, 'support': 16}, 'LOCATION': {'f1': 0.6666666666666666, 'support': 57}, 'PERSON': {'f1': 0.6037735849056604, 'support': 52}, 'ORGANIZATION': {'f1': 0.46846846846846846, 'support': 57}, 'BUILDING': {'f1': 0.631578947368421, 'support': 9}, 'ART': {'f1': 0.5454545454545454, 'support': 12}, 'PRODUCT': {'f1': 0.608695652173913, 'support': 13}, 'OTHER': {'f1': 0.5428571428571428, 'support': 33}, 'support': 249}",-5.9794833765912925,-3.2477596617334727,0.06035519656768666,.
BERT,singlish,52.09759620145649,38.685106934187814,-25.744929219774065,"{'micro_f1': 63.28600405679513, 'ART': {'f1': 0.64, 'support': 9}, 'PERSON': {'f1': 0.6407766990291262, 'support': 49}, 'ORGANIZATION': {'f1': 0.576, 'support': 64}, 'BUILDING': {'f1': 0.5714285714285714, 'support': 7}, 'LOCATION': {'f1': 0.7969924812030076, 'support': 61}, 'PRODUCT': {'f1': 0.4375, 'support': 16}, 'OTHER': {'f1': 0.55, 'support': 18}, 'EVENT': {'f1': 0.380952380952381, 'support': 10}, 'support': 234}","{'micro_f1': 53.13807531380753, 'ART': {'f1': 0.6, 'support': 9}, 'PERSON': {'f1': 0.4, 'support': 49}, 'ORGANIZATION': {'f1': 0.6341463414634146, 'support': 64}, 'BUILDING': {'f1': 0.6666666666666666, 'support': 7}, 'LOCATION': {'f1': 0.6865671641791045, 'support': 61}, 'PRODUCT': {'f1': 0.26666666666666666, 'support': 16}, 'OTHER': {'f1': 0.2380952380952381, 'support': 17}, 'EVENT': {'f1': 0.3529411764705882, 'support': 10}, 'support': 233}",-16.035028430425914,-11.513399388874893,7.432680307986015e-05,**
BERT,temporal_bias,53.55547741779157,47.79726737386724,-10.751860167362459,"{'micro_f1': 63.114754098360656, 'PERSON': {'f1': 0.5909090909090908, 'support': 43}, 'OTHER': {'f1': 0.6086956521739131, 'support': 25}, 'LOCATION': {'f1': 0.7969924812030075, 'support': 64}, 'PRODUCT': {'f1': 0.5405405405405405, 'support': 19}, 'ORGANIZATION': {'f1': 0.5123966942148761, 'support': 59}, 'ART': {'f1': 0.5, 'support': 9}, 'BUILDING': {'f1': 0.6666666666666666, 'support': 5}, 'EVENT': {'f1': 0.7407407407407408, 'support': 14}, 'support': 238}","{'micro_f1': 57.72357723577236, 'PERSON': {'f1': 0.4186046511627907, 'support': 43}, 'OTHER': {'f1': 0.5490196078431373, 'support': 25}, 'LOCATION': {'f1': 0.7761194029850748, 'support': 64}, 'ART': {'f1': 0.4800000000000001, 'support': 9}, 'PRODUCT': {'f1': 0.41025641025641024, 'support': 19}, 'ORGANIZATION': {'f1': 0.5254237288135594, 'support': 59}, 'BUILDING': {'f1': 0.6666666666666666, 'support': 5}, 'EVENT': {'f1': 0.6666666666666666, 'support': 14}, 'support': 238}",-8.541864639425611,-4.977407976547869,0.005633208699242514,**
BERT,compound_word,49.675690656412804,49.37260736679341,-0.6101239572403774,"{'micro_f1': 61.82669789227167, 'ORGANIZATION': {'f1': 0.5233644859813084, 'support': 53}, 'LOCATION': {'f1': 0.7642276422764227, 'support': 58}, 'PRODUCT': {'f1': 0.42857142857142855, 'support': 14}, 'OTHER': {'f1': 0.6956521739130435, 'support': 12}, 'PERSON': {'f1': 0.5783132530120483, 'support': 42}, 'BUILDING': {'f1': 0.6666666666666665, 'support': 8}, 'ART': {'f1': 0.5185185185185185, 'support': 10}, 'EVENT': {'f1': 0.6666666666666665, 'support': 10}, 'support': 207}","{'micro_f1': 61.82669789227167, 'ORGANIZATION': {'f1': 0.5420560747663552, 'support': 53}, 'LOCATION': {'f1': 0.7903225806451614, 'support': 58}, 'PRODUCT': {'f1': 0.42857142857142855, 'support': 14}, 'OTHER': {'f1': 0.6666666666666666, 'support': 12}, 'PERSON': {'f1': 0.5432098765432098, 'support': 42}, 'BUILDING': {'f1': 0.6666666666666665, 'support': 8}, 'ART': {'f1': 0.4444444444444445, 'support': 10}, 'EVENT': {'f1': 0.6666666666666665, 'support': 10}, 'support': 207}",0.0,-0.2570364385544929,0.7670968684102772,ns
T5,casual,46.90590588549771,38.57820184350797,-17.75406291548563,"{'micro_f1': 50.854700854700866, 'ART': {'f1': 0.36363636363636365, 'support': 4}, 'LOCATION': {'f1': 0.48739495798319327, 'support': 61}, 'NATIONALITY': {'f1': 0.0, 'support': 12}, 'BUILDING': {'f1': 0.4, 'support': 7}, 'PERSON': {'f1': 0.6915887850467289, 'support': 55}, 'ORGANIZATION': {'f1': 0.45714285714285713, 'support': 61}, 'OTHER': {'f1': 0.5599999999999999, 'support': 27}, 'EVENT': {'f1': 0.4242424242424242, 'support': 20}, 'WORK_OF_ART': {'f1': 0.0, 'support': 3}, 'PRODUCT': {'f1': 0.4705882352941177, 'support': 11}, 'OR': {'f1': 0.0, 'support': 0}, 'support': 261}","{'micro_f1': 41.90064794816414, 'ART': {'f1': 0.2, 'support': 4}, 'LOCATION': {'f1': 0.3652173913043478, 'support': 61}, 'NATIONALITY': {'f1': 0.0, 'support': 11}, 'BUILDING': {'f1': 0.18181818181818182, 'support': 7}, 'PERSON': {'f1': 0.5523809523809523, 'support': 55}, 'ORGANIZATION': {'f1': 0.36538461538461536, 'support': 62}, 'EVENT': {'f1': 0.4848484848484849, 'support': 20}, 'OTHER': {'f1': 0.6037735849056604, 'support': 31}, 'WORK_OF_ART': {'f1': 0.0, 'support': 3}, 'PRODUCT': {'f1': 0.23529411764705885, 'support': 11}, 'PRODU': {'f1': 0.0, 'support': 0}, 'support': 265}",-17.607129244786496,-6.958744119307344,0.006330933939576816,**
T5,dialectal,52.44368393209748,48.048211608817674,-8.381318766566688,"{'micro_f1': 64.38356164383562, 'LOCATION': {'f1': 0.6168224299065421, 'support': 47}, 'PERSON': {'f1': 0.7722772277227722, 'support': 56}, 'ORGANIZATION': {'f1': 0.594059405940594, 'support': 54}, 'OTHER': {'f1': 0.7500000000000001, 'support': 21}, 'PRODUCT': {'f1': 0.35294117647058826, 'support': 17}, 'BUILDING': {'f1': 0.7499999999999999, 'support': 6}, 'ART': {'f1': 0.6666666666666667, 'support': 15}, 'EVENT': {'f1': 0.5333333333333333, 'support': 8}, 'support': 224}","{'micro_f1': 59.4847775175644, 'LOCATION': {'f1': 0.64, 'support': 47}, 'PERSON': {'f1': 0.7307692307692307, 'support': 56}, 'ORGANIZATION': {'f1': 0.5957446808510639, 'support': 54}, 'OTHER': {'f1': 0.6500000000000001, 'support': 21}, 'ART': {'f1': 0.5, 'support': 7}, 'PRODUCT': {'f1': 0.26666666666666666, 'support': 16}, 'BUILDING': {'f1': 0.7499999999999999, 'support': 6}, ""'ORGANIZATION"": {'f1': 0.0, 'support': 2}, ""'OTHER"": {'f1': 0.0, 'support': 2}, ""'ART"": {'f1': 0.0, 'support': 8}, 'EVENT': {'f1': 0.26666666666666666, 'support': 8}, 'support': 227}",-7.608749813144655,-3.7794319134828758,0.007179379528820186,**
T5,derivation,57.400690623197015,58.56931266138427,2.035902400301405,"{'micro_f1': 67.45562130177514, 'LOCATION': {'f1': 0.7207207207207207, 'support': 51}, 'BUILDING': {'f1': 0.4000000000000001, 'support': 5}, 'PERSON': {'f1': 0.9354838709677419, 'support': 30}, 'ORGANIZATION': {'f1': 0.5542168674698795, 'support': 44}, 'EVENT': {'f1': 0.5185185185185186, 'support': 15}, 'OTHER': {'f1': 0.9, 'support': 11}, 'ART': {'f1': 0.5, 'support': 4}, 'PRODUCT': {'f1': 0.23529411764705882, 'support': 10}, 'support': 170}","{'micro_f1': 66.66666666666666, 'LOCATION': {'f1': 0.6851851851851852, 'support': 47}, 'BUILDING': {'f1': 0.6, 'support': 5}, 'PERSON': {'f1': 0.9354838709677419, 'support': 30}, 'ORGANIZATION': {'f1': 0.5641025641025642, 'support': 42}, 'EVENT': {'f1': 0.6153846153846153, 'support': 15}, 'OTHER': {'f1': 0.7999999999999999, 'support': 11}, 'ART': {'f1': 0.5, 'support': 4}, 'PRODUCT': {'f1': 0.23529411764705882, 'support': 10}, 'LOCATIONN': {'f1': 0.0, 'support': 2}, 'LOCATIONAN': {'f1': 0.0, 'support': 1}, 'LOCATION-NATIVE': {'f1': 0.0, 'support': 1}, 'support': 168}",-1.1695906432748546,1.0277546535414852,0.8993771840759466,ns
T5,grammatical_role,58.18466634554516,57.37660599106382,-1.3887857492942546,"{'micro_f1': 62.985685071574636, 'ORGANIZATION': {'f1': 0.5154639175257731, 'support': 54}, 'LOCATION': {'f1': 0.7027027027027027, 'support': 81}, 'PERSON': {'f1': 0.7959183673469387, 'support': 53}, ""'ORGANIZATION"": {'f1': 0.0, 'support': 1}, 'BUILDING': {'f1': 0.4615384615384615, 'support': 5}, 'EVENT': {'f1': 0.28571428571428575, 'support': 8}, 'PRODUCT': {'f1': 0.35294117647058826, 'support': 19}, 'OTHER': {'f1': 0.6666666666666666, 'support': 12}, 'ART': {'f1': 0.5714285714285714, 'support': 13}, 'LOCATIONN': {'f1': 0.0, 'support': 2}, 'support': 248}","{'micro_f1': 63.33333333333334, 'ORGANIZATION': {'f1': 0.6078431372549019, 'support': 55}, 'LOCATION': {'f1': 0.7403314917127072, 'support': 80}, 'PERSON': {'f1': 0.7291666666666667, 'support': 53}, ""'ORGANIZATION"": {'f1': 0.0, 'support': 1}, 'BUILDING': {'f1': 0.3333333333333333, 'support': 5}, 'EVENT': {'f1': 0.28571428571428575, 'support': 8}, 'PRODUCT': {'f1': 0.3125, 'support': 19}, 'OTHER': {'f1': 0.4210526315789474, 'support': 7}, 'LOCATION-BASED': {'f1': 0.0, 'support': 1}, 'ART': {'f1': 0.6, 'support': 13}, 'LOCATIONN': {'f1': 0.0, 'support': 2}, 'support': 244}",0.5519480519480765,-0.7130359105421997,0.8588235678289359,ns
T5,discourse,61.018101814670445,59.858706108706116,-1.90008484610968,"{'micro_f1': 67.75956284153006, 'PERSON': {'f1': 0.7956989247311829, 'support': 53}, 'PRODUCT': {'f1': 0.5, 'support': 14}, 'LOCATION': {'f1': 0.6407766990291263, 'support': 45}, 'BUILDING': {'f1': 0.6153846153846153, 'support': 7}, 'OTHER': {'f1': 0.6666666666666667, 'support': 27}, 'EVENT': {'f1': 0.7777777777777777, 'support': 10}, 'ORGANIZATION': {'f1': 0.6333333333333333, 'support': 31}, 'ART': {'f1': 0.5, 'support': 2}, 'support': 189}","{'micro_f1': 65.54621848739495, 'PERSON': {'f1': 0.7446808510638298, 'support': 53}, 'PRODUCT': {'f1': 0.5, 'support': 14}, 'LOCATION': {'f1': 0.6391752577319588, 'support': 45}, 'BUILDING': {'f1': 0.7142857142857143, 'support': 7}, 'OTHER': {'f1': 0.72, 'support': 27}, 'EVENT': {'f1': 0.7777777777777777, 'support': 10}, 'ORGANIZATION': {'f1': 0.5, 'support': 31}, 'ART': {'f1': 0.5, 'support': 2}, 'support': 189}",-3.266467877473579,-1.0350265710597055,0.19877824239117214,ns
T5,punctuation,53.9523639758934,51.7659281894576,-4.052530093792978,"{'micro_f1': 64.11889596602971, 'LOCATION': {'f1': 0.6046511627906976, 'support': 60}, 'ORGANIZATION': {'f1': 0.5961538461538463, 'support': 56}, 'OTHER': {'f1': 0.6415094339622641, 'support': 30}, 'EVENT': {'f1': 0.6153846153846153, 'support': 14}, 'PERSON': {'f1': 0.8247422680412372, 'support': 51}, 'PRODUCT': {'f1': 0.41379310344827586, 'support': 17}, 'ART': {'f1': 0.625, 'support': 10}, 'BUILDING': {'f1': 0.5882352941176471, 'support': 8}, 'support': 246}","{'micro_f1': 60.21505376344085, 'LOCATION': {'f1': 0.5826771653543308, 'support': 58}, 'ORGANIZATION': {'f1': 0.54, 'support': 56}, 'OTHER': {'f1': 0.5660377358490566, 'support': 30}, 'ART': {'f1': 0.588235294117647, 'support': 10}, 'EVENT': {'f1': 0.5925925925925927, 'support': 14}, 'PERSON': {'f1': 0.8085106382978724, 'support': 50}, 'PRODUCT': {'f1': 0.3448275862068966, 'support': 17}, 'BUILDING': {'f1': 0.625, 'support': 8}, 'LOCATION-BASED': {'f1': 0.0, 'support': 1}, 'EVENTTO': {'f1': 0.0, 'support': 1}, 'support': 245}",-6.088442640461438,-1.8934648463105461,0.017537041038117054,*
T5,concept_replacement,54.01863419164458,53.27003676830667,-1.3858133115363052,"{'micro_f1': 62.37424547283702, 'ORGANIZATION': {'f1': 0.5625, 'support': 65}, 'LOCATION': {'f1': 0.6538461538461539, 'support': 71}, 'PERSON': {'f1': 0.775, 'support': 42}, 'ART': {'f1': 0.5217391304347826, 'support': 14}, 'PRODUCT': {'f1': 0.5263157894736842, 'support': 21}, 'OTHER': {'f1': 0.5853658536585366, 'support': 21}, 'EVENT': {'f1': 0.5263157894736842, 'support': 11}, 'BUILDING': {'f1': 0.6666666666666666, 'support': 5}, 'support': 250}","{'micro_f1': 61.03092783505154, 'LOCATION-BASED': {'f1': 0.0, 'support': 1}, 'ORGANIZATION': {'f1': 0.5528455284552846, 'support': 65}, 'LOCATION': {'f1': 0.6621621621621622, 'support': 69}, 'PERSON': {'f1': 0.7848101265822786, 'support': 42}, 'ART': {'f1': 0.43478260869565216, 'support': 14}, 'PRODUCT': {'f1': 0.5263157894736842, 'support': 21}, 'OTHER': {'f1': 0.4878048780487805, 'support': 21}, 'EVENT': {'f1': 0.5263157894736842, 'support': 11}, 'BUILDING': {'f1': 0.6153846153846154, 'support': 5}, 'support': 249}",-2.153641503159294,-0.6484888371203704,0.29537517249446077,ns
T5,geographical_bias,61.381382618406825,63.093733608439486,2.7896911359555583,"{'micro_f1': 54.22222222222223, 'ORGANIZATION': {'f1': 0.4285714285714286, 'support': 140}, 'EVENT': {'f1': 0.463768115942029, 'support': 37}, 'LOCATION': {'f1': 0.6625000000000001, 'support': 72}, 'PRODUCT': {'f1': 0.19999999999999998, 'support': 29}, 'PERSON': {'f1': 1.0, 'support': 37}, 'OTHER': {'f1': 1.0, 'support': 4}, 'BUILDING': {'f1': 0.5, 'support': 10}, 'support': 329}","{'micro_f1': 61.23778501628665, 'ORGANIZATION': {'f1': 0.5596330275229358, 'support': 104}, 'LOCATION': {'f1': 0.7954545454545455, 'support': 84}, 'EVENT': {'f1': 0.6037735849056605, 'support': 28}, 'PRODUCT': {'f1': 0.1951219512195122, 'support': 23}, 'PERSON': {'f1': 0.8, 'support': 39}, 'OTHER': {'f1': 0.125, 'support': 12}, 'BUILDING': {'f1': 0.4210526315789474, 'support': 12}, ""'ORGANIZATION"": {'f1': 0.0, 'support': 1}, 'ART': {'f1': 0.0, 'support': 9}, 'NON-ENTITY': {'f1': 0.0, 'support': 1}, 'support': 313}",12.938537939872907,1.5308731782267029,0.6739490574515854,ns
T5,length_bias,45.057761576303776,45.73005798549277,1.4920768046821056,"{'micro_f1': 55.263157894736835, 'ART': {'f1': 0.6, 'support': 13}, 'ORGANIZATION': {'f1': 0.5174825174825175, 'support': 74}, 'PERSON': {'f1': 0.7500000000000001, 'support': 42}, 'PRODUCT': {'f1': 0.380952380952381, 'support': 23}, 'LOCATION': {'f1': 0.6046511627906976, 'support': 57}, 'EVENT': {'f1': 0.25, 'support': 5}, 'OTHER': {'f1': 0.11111111111111112, 'support': 10}, 'BUILDING': {'f1': 0.5, 'support': 6}, 'support': 230}","{'micro_f1': 52.579852579852584, 'ART': {'f1': 0.6363636363636364, 'support': 13}, 'ORGANIZATION': {'f1': 0.45, 'support': 72}, 'PERSON': {'f1': 0.717948717948718, 'support': 42}, 'PRODUCT': {'f1': 0.5263157894736841, 'support': 23}, 'LOCATION': {'f1': 0.5283018867924528, 'support': 56}, 'EVENT': {'f1': 0.25, 'support': 5}, 'OTHER': {'f1': 0.14285714285714288, 'support': 10}, 'BUILDING': {'f1': 0.5882352941176471, 'support': 6}, ""'OTHER"": {'f1': 0.0, 'support': 1}, 'NON-ORGANIZATION': {'f1': 0.0, 'support': 1}, ""'ORGANIZATION"": {'f1': 0.0, 'support': 2}, 'support': 231}",-4.855504855504836,0.5559116860938915,0.5346634205793379,ns
T5,coordinating_conjunction,72.78037991152746,74.20097206982452,1.9518889019594845,"{'micro_f1': 71.22507122507122, 'PERSON': {'f1': 0.9824561403508771, 'support': 29}, 'LOCATION': {'f1': 0.7612903225806451, 'support': 72}, 'PRODUCT': {'f1': 0.4, 'support': 12}, 'ORGANIZATION': {'f1': 0.5526315789473685, 'support': 42}, 'BUILDING': {'f1': 0.5, 'support': 4}, 'EVENT': {'f1': 0.6, 'support': 5}, 'OTHER': {'f1': 1.0, 'support': 7}, 'ART': {'f1': 0.0, 'support': 1}, 'LOCATIONN': {'f1': 0.0, 'support': 2}, 'support': 174}","{'micro_f1': 72.82051282051282, 'PERSON': {'f1': 1.0, 'support': 31}, 'LOCATION': {'f1': 0.7931034482758621, 'support': 83}, 'PRODUCT': {'f1': 0.4666666666666667, 'support': 15}, 'ORGANIZATION': {'f1': 0.5569620253164557, 'support': 45}, 'BUILDING': {'f1': 0.4444444444444445, 'support': 4}, 'EVENT': {'f1': 0.6, 'support': 6}, 'LOCATION-BASED': {'f1': 0.0, 'support': 2}, 'OTHER': {'f1': 0.9411764705882353, 'support': 9}, 'ART': {'f1': 0.0, 'support': 1}, 'LOCATIONN': {'f1': 0.0, 'support': 2}, 'NON-ENTITY': {'f1': 0.0, 'support': 1}, 'support': 199}",2.2400000000000055,1.3225814695792508,0.6610740867339686,ns
T5,capitalization,67.46195993548935,55.769916194916185,-17.33131345687808,"{'micro_f1': 73.01587301587303, 'PRODUCT': {'f1': 0.5833333333333334, 'support': 25}, 'PERSON': {'f1': 0.926829268292683, 'support': 41}, 'OTHER': {'f1': 0.7636363636363636, 'support': 31}, 'ORGANIZATION': {'f1': 0.6804123711340206, 'support': 51}, 'LOCATION': {'f1': 0.743362831858407, 'support': 53}, 'EVENT': {'f1': 0.9333333333333333, 'support': 8}, 'BUILDING': {'f1': 0.5, 'support': 8}, 'ART': {'f1': 0.28571428571428575, 'support': 6}, 'S.J.V.PERSON': {'f1': 0.0, 'support': 1}, 'support': 224}","{'micro_f1': 64.07322654462241, 'PRODUCT': {'f1': 0.4444444444444445, 'support': 24}, 'PERSON': {'f1': 0.8205128205128206, 'support': 41}, 'OTHER': {'f1': 0.6551724137931035, 'support': 30}, 'ORGANIZATION': {'f1': 0.58, 'support': 51}, 'LOCATION': {'f1': 0.75, 'support': 52}, 'EVENT': {'f1': 0.6666666666666666, 'support': 8}, 'BUILDING': {'f1': 0.3333333333333333, 'support': 8}, 'ART': {'f1': 0.26666666666666666, 'support': 6}, 'S.J.V.PERSON': {'f1': 0.0, 'support': 1}, 'support': 221}",-12.247537558451924,-10.692718649214154,6.084583366339179e-06,**
T5,negation,53.37028034354238,53.33691501605941,-0.06251668019767635,"{'micro_f1': 60.957910014513786, 'ORGANIZATION': {'f1': 0.5380116959064327, 'support': 85}, 'LOCATION': {'f1': 0.6504065040650407, 'support': 114}, 'PRODUCT': {'f1': 0.5454545454545454, 'support': 25}, 'ART': {'f1': 0.47058823529411764, 'support': 21}, 'PERSON': {'f1': 0.7777777777777778, 'support': 36}, 'BUILDING': {'f1': 0.8125, 'support': 16}, 'OTHER': {'f1': 0.5625, 'support': 30}, 'EVENT': {'f1': 0.38461538461538464, 'support': 16}, 'support': 343}","{'micro_f1': 59.33734939759038, 'ORGANIZATION': {'f1': 0.503225806451613, 'support': 82}, 'LOCATION': {'f1': 0.6470588235294117, 'support': 106}, 'PRODUCT': {'f1': 0.5454545454545454, 'support': 25}, 'PERSON': {'f1': 0.7887323943661971, 'support': 36}, 'BUILDING': {'f1': 0.7333333333333334, 'support': 14}, 'OTHER': {'f1': 0.53125, 'support': 30}, 'ART': {'f1': 0.5, 'support': 20}, 'EVENT': {'f1': 0.38461538461538464, 'support': 16}, 'LOCATION-BASED': {'f1': 0.0, 'support': 4}, 'support': 333}",-2.6584911072862543,-0.028815956473630687,0.4228625363900358,ns
T5,active_to_passive,53.74528723112601,54.98064994797022,2.2985507762413957,"{'micro_f1': 62.5, 'ORGANIZATION': {'f1': 0.5783132530120483, 'support': 41}, 'LOCATION': {'f1': 0.6363636363636365, 'support': 39}, 'PERSON': {'f1': 0.7422680412371134, 'support': 55}, 'ART': {'f1': 0.5333333333333333, 'support': 9}, 'PRODUCT': {'f1': 0.5882352941176471, 'support': 18}, 'BUILDING': {'f1': 0.5263157894736842, 'support': 10}, 'OTHER': {'f1': 0.6046511627906976, 'support': 23}, 'EVENT': {'f1': 0.4761904761904762, 'support': 12}, 'support': 207}","{'micro_f1': 63.43825665859565, 'ORGANIZATION': {'f1': 0.6265060240963854, 'support': 41}, 'LOCATION': {'f1': 0.7415730337078651, 'support': 39}, 'PERSON': {'f1': 0.6542056074766355, 'support': 55}, 'ART': {'f1': 0.5714285714285714, 'support': 9}, 'PRODUCT': {'f1': 0.5294117647058824, 'support': 17}, 'BUILDING': {'f1': 0.5714285714285713, 'support': 10}, 'OTHER': {'f1': 0.6046511627906977, 'support': 22}, 'EVENT': {'f1': 0.45454545454545453, 'support': 12}, 'support': 205}",1.5012106537530372,1.0687990015342392,0.5377245756920782,ns
T5,sentiment,62.14192311753287,59.29303908978705,-4.5844799852066815,"{'micro_f1': 69.7594501718213, 'ORGANIZATION': {'f1': 0.6415094339622641, 'support': 57}, 'LOCATION': {'f1': 0.7303370786516855, 'support': 81}, 'PERSON': {'f1': 0.806201550387597, 'support': 71}, 'BUILDING': {'f1': 0.6363636363636365, 'support': 10}, 'OTHER': {'f1': 0.7142857142857142, 'support': 31}, 'PRODUCT': {'f1': 0.47619047619047616, 'support': 23}, 'EVENT': {'f1': 0.6428571428571429, 'support': 15}, 'ART': {'f1': 0.5714285714285715, 'support': 12}, 'support': 300}","{'micro_f1': 67.12564543889845, 'ORGANIZATION': {'f1': 0.6981132075471698, 'support': 57}, 'LOCATION': {'f1': 0.7159090909090907, 'support': 80}, 'PERSON': {'f1': 0.7230769230769231, 'support': 71}, 'ART': {'f1': 0.5454545454545454, 'support': 12}, 'OTHER': {'f1': 0.6296296296296297, 'support': 31}, 'PRODUCT': {'f1': 0.4186046511627907, 'support': 23}, 'BUILDING': {'f1': 0.6666666666666666, 'support': 10}, 'EVENT': {'f1': 0.6428571428571429, 'support': 15}, 'LOCATION-BASED': {'f1': 0.0, 'support': 1}, 'support': 300}",-3.7755525974411364,-2.5545724985012552,0.0392358672494242,*
T5,typo_bias,55.35451150157032,54.389285714285705,-1.7437165663673764,"{'micro_f1': 62.655601659751035, 'EVENT': {'f1': 0.5625, 'support': 17}, 'LOCATION': {'f1': 0.5937499999999999, 'support': 56}, 'PERSON': {'f1': 0.7959183673469389, 'support': 52}, 'ORGANIZATION': {'f1': 0.5436893203883495, 'support': 57}, 'BUILDING': {'f1': 0.7368421052631577, 'support': 9}, 'PRODUCT': {'f1': 0.608695652173913, 'support': 13}, 'OTHER': {'f1': 0.6206896551724138, 'support': 33}, 'ART': {'f1': 0.4761904761904762, 'support': 12}, 'support': 249}","{'micro_f1': 61.601642710472284, 'EVENT': {'f1': 0.5625, 'support': 17}, 'LOCATION': {'f1': 0.5999999999999999, 'support': 56}, 'PERSON': {'f1': 0.8041237113402062, 'support': 52}, 'ORGANIZATION': {'f1': 0.5, 'support': 57}, 'BUILDING': {'f1': 0.7777777777777778, 'support': 9}, 'PRODUCT': {'f1': 0.5833333333333334, 'support': 13}, 'OTHER': {'f1': 0.6, 'support': 33}, 'ART': {'f1': 0.45454545454545453, 'support': 12}, 'support': 249}",-1.682146402491252,-0.8412681242557424,0.05964084015258796,.
T5,singlish,44.48878667628667,36.202824952824955,-18.624831878991845,"{'micro_f1': 50.23474178403755, 'ART': {'f1': 0.5882352941176471, 'support': 9}, 'PERSON': {'f1': 0.6666666666666666, 'support': 49}, 'ORGANIZATION': {'f1': 0.4220183486238532, 'support': 64}, 'BUILDING': {'f1': 0.6153846153846153, 'support': 7}, 'OTHER': {'f1': 0.4736842105263158, 'support': 18}, 'LOCATION': {'f1': 0.4629629629629629, 'support': 62}, 'PRODUCT': {'f1': 0.30769230769230765, 'support': 15}, 'EVENT': {'f1': 0.5263157894736842, 'support': 12}, 'support': 236}","{'micro_f1': 38.095238095238095, 'ART': {'f1': 0.2857142857142857, 'support': 9}, 'PERSON': {'f1': 0.45360824742268036, 'support': 49}, 'ORGANIZATION': {'f1': 0.34615384615384615, 'support': 64}, 'BUILDING': {'f1': 0.36363636363636365, 'support': 7}, 'LOCATION': {'f1': 0.39999999999999997, 'support': 62}, 'LO': {'f1': 0.0, 'support': 0}, 'PRODUCT': {'f1': 0.23076923076923075, 'support': 15}, 'OR': {'f1': 0.0, 'support': 0}, 'OTHER': {'f1': 0.3888888888888889, 'support': 17}, 'EVENT': {'f1': 0.4444444444444444, 'support': 12}, 'PRO': {'f1': 0.0, 'support': 0}, 'support': 235}",-24.16555407209612,-6.8286705319684255,0.008968884853548605,**
T5,temporal_bias,61.74759880642233,62.13175677299788,0.6221423569520153,"{'micro_f1': 70.08547008547008, 'PERSON': {'f1': 0.8674698795180722, 'support': 42}, 'OTHER': {'f1': 0.6250000000000001, 'support': 25}, 'LOCATION': {'f1': 0.7737226277372263, 'support': 62}, 'PRODUCT': {'f1': 0.5555555555555555, 'support': 19}, 'ORGANIZATION': {'f1': 0.5871559633027523, 'support': 58}, 'BUILDING': {'f1': 0.6153846153846154, 'support': 5}, 'ART': {'f1': 0.5714285714285714, 'support': 9}, 'EVENT': {'f1': 0.7407407407407408, 'support': 14}, 'S.J.V.PERSON': {'f1': 0.0, 'support': 1}, 'support': 235}","{'micro_f1': 70.41036717062636, 'PERSON': {'f1': 0.8780487804878048, 'support': 42}, 'OTHER': {'f1': 0.6122448979591836, 'support': 25}, 'LOCATION': {'f1': 0.7647058823529411, 'support': 62}, 'PRODUCT': {'f1': 0.5142857142857142, 'support': 19}, 'ORGANIZATION': {'f1': 0.6168224299065421, 'support': 58}, 'ART': {'f1': 0.5333333333333333, 'support': 9}, 'BUILDING': {'f1': 0.6666666666666666, 'support': 5}, 'EVENT': {'f1': 0.7692307692307692, 'support': 14}, 'S.J.V.PERSON': {'f1': 0.0, 'support': 1}, 'support': 235}",0.46357267028396093,0.3439404832200316,0.8657723749926214,ns
T5,compound_word,54.266043274251196,56.507810285170066,4.13106774634253,"{'micro_f1': 65.51724137931035, 'LOCATION': {'f1': 0.671875, 'support': 58}, 'BUILDING': {'f1': 0.7058823529411765, 'support': 8}, 'PRODUCT': {'f1': 0.3846153846153846, 'support': 14}, 'OTHER': {'f1': 0.7272727272727272, 'support': 12}, 'ORGANIZATION': {'f1': 0.5102040816326532, 'support': 53}, 'PERSON': {'f1': 0.8641975308641975, 'support': 42}, 'EVENT': {'f1': 0.7777777777777777, 'support': 10}, 'ART': {'f1': 0.5, 'support': 10}, 'support': 207}","{'micro_f1': 66.5036674816626, 'LOCATION': {'f1': 0.6825396825396826, 'support': 57}, 'BUILDING': {'f1': 0.7777777777777777, 'support': 8}, 'PRODUCT': {'f1': 0.3846153846153846, 'support': 14}, 'OTHER': {'f1': 0.6956521739130435, 'support': 12}, 'ORGANIZATION': {'f1': 0.5050505050505051, 'support': 53}, 'PERSON': {'f1': 0.8780487804878048, 'support': 42}, 'LOCATION-BASED': {'f1': 0.0, 'support': 1}, 'EVENT': {'f1': 0.8421052631578948, 'support': 10}, 'ART': {'f1': 0.5333333333333333, 'support': 10}, 'support': 207}",1.5055977351692305,1.9442040007281438,0.7446159869008411,ns
